comYear,comVolume,comBookId,term,sessionPeriod,sessionTimes,meetingTimes,agendaNo,agendaType,meetingDate,subject,pageStart,pageEnd,docUrl,selectTerm,meeting_id
109,2.0,2.0,10,1,1.0,,16.0,3.0,1090302,社會福利及衛生環境委員會會議選舉第10屆第1會期本會召集委員,367.0,368.0,https://ppg.ly.gov.tw/ppg/download/communique1/work/109/02/LCIDC01_1090202_00009.doc,all,LCIDC01_1090202_00009
109,7.0,1.0,10,1,2.0,,3.0,3.0,1090309,社會福利及衛生環境委員會會議邀請行政院環境保護署署長列席報告業務概況，並備質詢,361.0,432.0,https://ppg.ly.gov.tw/ppg/download/communique1/work/109/07/LCIDC01_1090701_00004.doc,all,LCIDC01_1090701_00004
109,9.0,1.0,10,1,3.0,,9.0,3.0,1090311,社會福利及衛生環境委員會會議邀請勞動部部長列席報告業務概況，並備質詢,417.0,492.0,https://ppg.ly.gov.tw/ppg/download/communique1/work/109/09/LCIDC01_1090901_00008.doc,all,LCIDC01_1090901_00008
109,100.0,1.0,10,2,14.0,,1.0,3.0,1091126,社會福利及衛生環境委員會第14次會議一、審查中華民國110年度中央政府總預算關於衛生福利部主管預算（公務及基金預算）案；二、審查(一)委員蔣萬安等19人擬具「身心障礙者權益保障法第十四條及第一百零六條條文修正草案」案（二）委員呂玉玲等19人擬具「身心障礙者權益保障法第十四條條文修正草案」案；三、審查(一)委員林思銘等20人擬具「國民年金法第十一條條文修正草案」案(二)委員蔣萬安等18人擬具「國民年金法第十五條及第五十條條文修正草案」案(三)委員蔣萬安等19人擬具「國民年金法第十七條條文修正草案」案（四）委員吳琪銘等23人擬具「國民年金法第二十八條條文修正草案」案(五)委員廖婉汝等21人擬具「國民年金法第二十八條條文修正草案」案,1.0,102.0,https://ppg.ly.gov.tw/ppg/download/communique1/work/109/100/LCIDC01_10910001_00002.doc,all,LCIDC01_10910001_00002
109,102.0,1.0,10,2,15.0,,1.0,3.0,1091202,社會福利及衛生環境委員會第15次會議一、邀請勞動部、衛生福利部、原住民族委員會、國軍退除役官兵輔導委員會就「長照機構勞動權益」進行專題報告，並備質詢；二、處理中華民國109年度中央政府總預算有關勞動部主管預算（基金預算）解凍書面報告案19案；三、審查行政院函請審議「工會法第十九條條文修正草案」案,1.0,102.0,https://ppg.ly.gov.tw/ppg/download/communique1/work/109/102/LCIDC01_10910201_00002.doc,all,LCIDC01_10910201_00002
109,11.0,1.0,10,1,4.0,,1.0,3.0,1090312,社會福利及衛生環境委員會會議邀請勞動部、經濟部、交通部、行政院農業委員會就「因應嚴重特殊傳染性肺炎期間受影響產業與員工所提供相關協助措施」進行專題報告，並備質詢,1.0,82.0,https://ppg.ly.gov.tw/ppg/download/communique1/work/109/11/LCIDC01_1091101_00002.doc,all,LCIDC01_1091101_00002
109,12.0,1.0,10,1,5.0,,3.0,3.0,1090318,社會福利及衛生環境委員會會議邀請衛生福利部部長列席報告業務概況，並備質詢,161.0,242.0,https://ppg.ly.gov.tw/ppg/download/communique1/work/109/12/LCIDC01_1091201_00004.doc,all,LCIDC01_1091201_00004
109,12.0,1.0,10,1,,,5.0,3.0,1090319,社會福利及衛生環境委員會會議舉行「公共衛生師法」公聽會,277.0,304.0,https://ppg.ly.gov.tw/ppg/download/communique1/work/109/12/LCIDC01_1091201_00006.doc,all,LCIDC01_1091201_00006
109,15.0,1.0,10,1,6.0,,3.0,3.0,1090323,社會福利及衛生環境委員會會議邀請行政院環境保護署就「因應國內疫情，相關廢棄物集運處理及環保人員之防疫措施及作為」進行專題報告，並備質詢,129.0,188.0,https://ppg.ly.gov.tw/ppg/download/communique1/work/109/15/LCIDC01_1091501_00004.doc,all,LCIDC01_1091501_00004
109,17.0,1.0,10,1,7.0,,1.0,3.0,1090325,社會福利及衛生環境委員會會議邀請勞動部、交通部、經濟部就「面對疫情發展，政府補助平台業者及交通運輸業者時，應確保接觸民眾頻繁的外送員及交通運輸從業員工健康安全」進行專題報告，並備質詢,1.0,88.0,https://ppg.ly.gov.tw/ppg/download/communique1/work/109/17/LCIDC01_1091701_00002.doc,all,LCIDC01_1091701_00002
109,19.0,1.0,10,1,8.0,,1.0,3.0,1090326,社會福利及衛生環境委員會會議邀請衛生福利部、法務部，內政部就「從社會事件檢討社會安全、精神衛生與復健資源之布建」進行專題報告，並備質詢,1.0,84.0,https://ppg.ly.gov.tw/ppg/download/communique1/work/109/19/LCIDC01_1091901_00002.doc,all,LCIDC01_1091901_00002
109,19.0,1.0,10,1,9.0,,4.0,3.0,1090330,社會福利及衛生環境委員會會議一、邀請衛生福利部就「因應嚴重特殊傳染性肺炎（武漢肺炎），基層診所和長照機構面對下一階段挑戰將如何兼顧防疫與醫療照護」，並就「台灣未來整體的防治策略」，進行專題報告，並備質詢；二、處理中華民國109年度中央政府總預算有關衛生福利部主管預算（公務預算）解凍書面報告案59案,239.0,316.0,https://ppg.ly.gov.tw/ppg/download/communique1/work/109/19/LCIDC01_1091901_00005.doc,all,LCIDC01_1091901_00005
109,21.0,1.0,10,1,10.0,,8.0,3.0,1090406,社會福利及衛生環境委員會會議邀請衛生福利部、交通部、內政部就「居家隔離與居家檢疫者之相關生活協助措施、家庭關懷與醫療服務」進行專題報告，並備質詢,141.0,224.0,https://ppg.ly.gov.tw/ppg/download/communique1/work/109/21/LCIDC01_1092101_00006.doc,all,LCIDC01_1092101_00006
109,23.0,1.0,10,1,11.0,,2.0,3.0,1090408,社會福利及衛生環境委員會會議一、處理中華民國109年度中央政府總預算有關行政院環境保護署主管預算（公務預算）解凍書面報告案26案；二、邀請行政院環境保護署、經濟部、交通部就「我國因應氣候變遷作為及溫室氣體減量及管理法修法方向」進行專題報告，並備質詢,103.0,176.0,https://ppg.ly.gov.tw/ppg/download/communique1/work/109/23/LCIDC01_1092301_00003.doc,all,LCIDC01_1092301_00003
109,24.0,1.0,10,1,12.0,,3.0,3.0,1090409,社會福利及衛生環境委員會會議一、處理中華民國109年度中央政府總預算有關勞動部主管預算（公務預算）解凍書面報告案18案；二、邀請勞動部、文化部、財政部就「面對全球疫情，政府如何協助藝文產業，及保障藝文工作者相關權益」進行專題報告，並備質詢,133.0,208.0,https://ppg.ly.gov.tw/ppg/download/communique1/work/109/24/LCIDC01_1092401_00004.doc,all,LCIDC01_1092401_00004
109,28.0,1.0,10,1,13.0,,1.0,3.0,1090415,社會福利及衛生環境委員會會議邀請衛生福利部就「嚴重特殊傳染性肺炎（武漢肺炎）疫情期間對於健保體系的影響與如何因應，以維護醫療品質」、「嚴重特殊傳染性肺炎（武漢肺炎）疫情期間對於醫療體系之影響及因應作為」及「武漢肺炎疫情對於國人之心理影響與如何促進心理健康之因應策略」進行專題報告，並備質詢,1.0,74.0,https://ppg.ly.gov.tw/ppg/download/communique1/work/109/28/LCIDC01_1092801_00002.doc,all,LCIDC01_1092801_00002
109,30.0,1.0,10,1,14.0,,5.0,3.0,1090420,社會福利及衛生環境委員會會議一、邀請行政院環境保護署就「資源回收管理推動現況與相關從業人員防疫作為」進行專題報告，並備質詢；二、邀請行政院環境保護署就「因武漢肺炎疫情影響，網購及外送餐飲大量增加，產生之包裝及一次性餐具廢棄物處理」進行專題報告，並備質詢,225.0,300.0,https://ppg.ly.gov.tw/ppg/download/communique1/work/109/30/LCIDC01_1093001_00006.doc,all,LCIDC01_1093001_00006
109,33.0,1.0,10,1,15.0,,1.0,3.0,1090422,社會福利及衛生環境委員會會議一、委員劉建國等18人擬具「老人福利法部分條文修正草案」案；二、委員吳玉琴等19人擬具「老人福利法部分條文修正草案」案；三、委員張育美等18人擬具「老人福利法第四十一條條文修正草案」案,1.0,74.0,https://ppg.ly.gov.tw/ppg/download/communique1/work/109/33/LCIDC01_1093301_00002.doc,all,LCIDC01_1093301_00002
109,39.0,1.0,10,1,16.0,,5.0,3.0,1090504,社會福利及衛生環境委員會會議一、審查委員劉建國等17人擬具「國民年金法第十二條及第四十條條文修正草案」案；二、審查(一)行政院函請審議「公共衛生師法草案」案、(二)民眾黨黨團擬具「公共衛生師法草案」案、(三)時代力量黨團擬具「公共衛生師法草案」案、(四)委員吳玉琴等18人擬具「公共衛生師法草案」案、(五)委員張育美等18人擬具「公共衛生師法草案」案、(六)委員林奕華等28人擬具「公共衛生師法草案」案、(七)委員楊瓊瓔等22人擬具「公共衛生師法草案」案、(八)委員劉建國等17人擬具「公共衛生師法草案」案、(九)委員徐志榮等20人擬具「公共衛生師法草案」案、(十)委員蘇巧慧等20人擬具「公共衛生師法草案」案、(十一)委員莊競程等19人擬具「公共衛生師法草案」案、(十二)委員賴惠員等17人擬具「公共衛生師法草案」案（109年5月4日及109年5月6日兩天為一次會）,219.0,392.0,https://ppg.ly.gov.tw/ppg/download/communique1/work/109/39/LCIDC01_1093901_00006.doc,all,LCIDC01_1093901_00006
109,39.0,1.0,10,1,16.0,,6.0,3.0,1090506,社會福利及衛生環境委員會會議審查：一、行政院函請審議「公共衛生師法草案」案；二、民眾黨黨團擬具「公共衛生師法草案」案；三、時代力量黨團擬具「公共衛生師法草案」案；四、委員吳玉琴等18人擬具「公共衛生師法草案」案；五、委員張育美等18人擬具「公共衛生師法草案」案；六、委員林奕華等28人擬具「公共衛生師法草案」案；七、委員楊瓊瓔等22人擬具「公共衛生師法草案」案；八、委員劉建國等17人擬具「公共衛生師法草案」案；九、委員徐志榮等20人擬具「公共衛生師法草案」案；十、委員蘇巧慧等20人擬具「公共衛生師法草案」案；十一、委員莊競程等19人擬具「公共衛生師法草案」案；十二、委員賴惠員等17人擬具「公共衛生師法草案」案（109年5月4日及109年5月6日兩天為一次會）,393.0,424.0,https://ppg.ly.gov.tw/ppg/download/communique1/work/109/39/LCIDC01_1093901_00007.doc,all,LCIDC01_1093901_00007
109,41.0,1.0,10,1,17.0,,3.0,3.0,1090507,社會福利及衛生環境委員會會議邀請衛生福利部就「無勞保者之紓困方案、範圍及實施方式」進行專題報告，並備質詢；另邀勞動部、經濟部、交通部、文化部、行政院農業委員會、行政院主計總處列席，並備質詢,103.0,182.0,https://ppg.ly.gov.tw/ppg/download/communique1/work/109/41/LCIDC01_1094101_00004.doc,all,LCIDC01_1094101_00004
109,42.0,2.0,10,1,18.0,,4.0,3.0,1090511,社會福利及衛生環境委員會會議邀請衛生福利部就1.「在COVID─19疫情期間分級醫療的持續推展策略」、2.「我國社區醫療體系如何就此次COVID─19防疫之經驗用以建立未來持久的社區防疫應變系統」、3.「中醫藥發展法立法通過後迄今對中醫藥發展之影響與現況」進行專題報告，並備質詢,275.0,342.0,https://ppg.ly.gov.tw/ppg/download/communique1/work/109/42/LCIDC01_1094202_00005.doc,all,LCIDC01_1094202_00005
109,47.0,1.0,10,1,19.0,,1.0,3.0,1090518,社會福利及衛生環境委員會會議一、邀請勞動部就「紓困方案之執行狀況」進行專題報告，並備質詢；二、審查委員劉建國等19人擬具「勞動檢查法部分條文修正草案」案；三、審查(一)委員劉建國等21人擬具「勞動基準法第八十條之一條文修正草案」案。(二)時代力量黨團擬具「勞動基準法第七十九條及第八十條之一條文修正草案」案。(三)委員林思銘等24人擬具「勞動基準法第八十條之一條文修正草案」案,1.0,80.0,https://ppg.ly.gov.tw/ppg/download/communique1/work/109/47/LCIDC01_1094701_00002.doc,all,LCIDC01_1094701_00002
109,47.0,1.0,10,1,20.0,,5.0,3.0,1090520,社會福利及衛生環境委員會會議一、邀請衛生福利部、司法院就「面對大幅增加的免除（或負擔）扶養義務的家事案件訴訟案量，檢討社會救助法、老人福利法、民法及家事事件法的修法方向」進行專題報告，並備質詢；二、邀請衛生福利部就「因應疫情擴大急難紓困之執行概況」、「監察院糾正未落實身心障礙鑑定與需求評估」進行專題報告，並備質詢,315.0,388.0,https://ppg.ly.gov.tw/ppg/download/communique1/work/109/47/LCIDC01_1094701_00006.doc,all,LCIDC01_1094701_00006
109,48.0,1.0,10,1,21.0,,5.0,3.0,1090521,社會福利及衛生環境委員會會議一、邀請行政院環境保護署就「環境品質感測物聯網發展情形」、「空氣及水質污染改善推動現況」進行專題報告，並備質詢；二、審查(一)委員王定宇等17人擬具「噪音管制法第十五條及第十七條條文修正草案」案。(二)委員邱志偉等18人擬具「噪音管制法第十五條、第十七條及第十七條之一條文修正草案」案。(三)委員趙正宇等17人擬具「噪音管制法第十七條條文修正草案」案。(四)委員鄭天財SraKacaw等17人擬具「噪音管制法第十七條條文修正草案」案,173.0,240.0,https://ppg.ly.gov.tw/ppg/download/communique1/work/109/48/LCIDC01_1094801_00006.doc,all,LCIDC01_1094801_00006
109,50.0,1.0,10,1,22.0,,1.0,3.0,1090525,社會福利及衛生環境委員會會議一、邀請衛生福利部就1.「健康防疫安全網建立」、2.「安寧緩和醫療條例及病人自主權利法施行現況、成效及未來推展策略」、3.「全民健康保險財務狀況及未來因應策略」進行專題報告，並備質詢；二、邀請衛生福利部及外交部就「武漢肺炎疫情趨緩後，我國與全球各區域國際醫療合作發展與策略」進行專題報告，並備質詢,1.0,70.0,https://ppg.ly.gov.tw/ppg/download/communique1/work/109/50/LCIDC01_1095001_00002.doc,all,LCIDC01_1095001_00002
109,55.0,1.0,10,2,1.0,,15.0,3.0,1090923,社會福利及衛生環境委員會第1次會議選舉第10屆第2會期本會召集委員,231.0,234.0,https://ppg.ly.gov.tw/ppg/download/communique1/work/109/55/LCIDC01_1095501_00010.doc,all,LCIDC01_1095501_00010
109,59.0,1.0,10,2,3.0,,2.0,3.0,1091005,社會福利及衛生環境委員會第3次會議一、邀請勞動部部長列席報告業務概況，並備質詢；二、審查中華民國110年度中央政府總預算關於勞動部主管預算（公務預算及基金）案,51.0,124.0,https://ppg.ly.gov.tw/ppg/download/communique1/work/109/59/LCIDC01_1095901_00003.doc,all,LCIDC01_1095901_00003
109,59.0,1.0,10,2,,,5.0,3.0,1091012,社會福利及衛生環境委員會會議「政府宣布開放含萊克多巴胺豬肉進口，對國人健康之影響與危害」公聽會,253.0,416.0,https://ppg.ly.gov.tw/ppg/download/communique1/work/109/59/LCIDC01_1095901_00006.doc,all,LCIDC01_1095901_00006
109,71.0,1.0,10,2,5.0,,3.0,3.0,1091021,社會福利及衛生環境委員會第5次會議因應行蹤不明外籍勞工人數持續攀升，可能造成就業及社會治安問題，邀請勞動部、原住民族委員會、內政部首長率移民署及警政署就「行蹤不明外籍勞工對原住民勞工就業影響及如何降低逃逸誘因」提出專題報告，並備質詢,115.0,186.0,https://ppg.ly.gov.tw/ppg/download/communique1/work/109/71/LCIDC01_1097101_00004.doc,all,LCIDC01_1097101_00004
109,71.0,1.0,10,2,6.0,,4.0,3.0,1091022,社會福利及衛生環境委員會第6次會議邀請衛生福利部、財政部、教育部及內政部就「為保護兒童青少年免於菸害，如何建立兒童及青少年正確觀念以避免新興菸品誘導及目前菸品健康捐執行成效」進行專題報告，並備質詢,187.0,258.0,https://ppg.ly.gov.tw/ppg/download/communique1/work/109/71/LCIDC01_1097101_00005.doc,all,LCIDC01_1097101_00005
109,75.0,1.0,10,2,7.0,,5.0,3.0,1091028,社會福利及衛生環境委員會第7次會議一、邀請勞動部部長針對「為讓勞工老年生活享有基礎生活保障，勞動部面對勞保年金財務危機之具體改善措施（含修法期程）及因應對策」列席報告，並備質詢；二、審查(一)委員費鴻泰等21人擬具「性別工作平等法第十五條條文修正草案」案。(二)委員許淑華等16人擬具「性別工作平等法第十五條條文修正草案」案。(三)委員洪孟楷等19人擬具「性別工作平等法第十五條條文修正草案」案。(四)委員江啟臣等21人擬具「性別工作平等法第十五條條文修正草案」案。(五)委員萬美玲等17人擬具「性別工作平等法第十五條條文修正草案」案。(六)委員鄭運鵬等21人擬具「性別工作平等法第十五條條文修正草案」案。(七)委員高嘉瑜等17人擬具「性別工作平等法第十五條條文修正草案」案。(八)委員吳琪銘等21人擬具「性別工作平等法第十五條條文修正草案」案。(九)委員蔣萬安等19人擬具「性別工作平等法第十五條條文修正草案」案。(十)委員林昶佐等16人擬具「性別工作平等法第十五條條文修正草案」案。(十一)民眾黨黨團擬具「性別工作平等法第十五條條文修正草案」案。(十二)委員蔣萬安等21人擬具「性別工作平等法第十五條條文修正草案」案；三、審查委員蔣萬安等18人擬具「勞工保險條例第二十九條條文修正草案」案；四、審查(一)委員林昶佐等16人擬具「勞工保險條例第三十條條文修正草案」案。(二)委員廖婉汝等21人擬具「勞工保險條例第三十條條文修正草案」案；五、審查民眾黨黨團擬具「勞工保險條例第三十一條條文修正草案」案；六、審查(一)時代力量黨團擬具「勞工保險條例第六十二條條文修正草案」案。(二)委員謝衣等16人擬具「勞工保險條例第六十二條條文修正草案」案；七、審查民眾黨黨團擬具「團體協約法第十條條文修正草案」案,313.0,376.0,https://ppg.ly.gov.tw/ppg/download/communique1/work/109/75/LCIDC01_1097501_00006.doc,all,LCIDC01_1097501_00006
109,83.0,1.0,10,2,9.0,,3.0,3.0,1091109,社會福利及衛生環境委員會第9次會議一、邀請行政院環境保護署署長、經濟部次長針對「未來臺灣空氣品質改善具體作為與期程目標」、「非法事業廢棄物流竄臺灣農地與魚塭，政府改善及解決方案」列席報告，並備質詢；二、審查(一)委員林淑芬等16人擬具「廢棄物清理法部分條文修正草案」案、(二)委員洪申翰等16人擬具「廢棄物清理法第四十六條、第五十二條及第五十三條條文修正草案」案；三、審查(一)委員洪孟楷等19人擬具「噪音管制法第二十六條條文修正草案」案、(二)委員羅明才等19人擬具「噪音管制法第二十六條條文修正草案」案、(三)委員莊瑞雄等16人擬具「噪音管制法第二十三條及第二十四條條文修正草案」案、(四)委員林德福等17人擬具「噪音管制法第二十三條條文修正草案」案,147.0,334.0,https://ppg.ly.gov.tw/ppg/download/communique1/work/109/83/LCIDC01_1098301_00004.doc,all,LCIDC01_1098301_00004
109,89.0,1.0,10,2,10.0,,1.0,3.0,1091116,社會福利及衛生環境委員會第10次會議一、邀請衛生福利部、原住民族委員會、國軍退除役官兵輔導委員會就「長照2.0執行現況與檢討」進行專題報告，並備質詢；二、審查(一)委員陳瑩等17人擬具「全民健康保險法第四十八條條文修正草案」案、(二)委員鄭天財SraKacaw等17人擬具「全民健康保險法第四十八條條文修正草案」案；三、審查委員林岱樺等16人擬具「健康食品管理法增訂第二十一條之一條文草案」案；四、審查(一)行政院函請審議「兒童及少年福利與權益保障法第二十六條條文修正草案」案、(二)委員溫玉霞等21人擬具「兒童及少年福利與權益保障法第二十六條條文修正草案」案、(三)委員黃世杰等18人擬具「兒童及少年福利與權益保障法第二十六條條文修正草案」案、(四)委員謝衣等18人擬具「兒童及少年福利與權益保障法第二十六條條文修正草案」案；五、審查(一)行政院函請審議「特殊境遇家庭扶助條例第十二條條文修正草案」案、(二)委員謝衣等18人擬具「特殊境遇家庭扶助條例第十二條條文修正草案」案；六、審查(一)行政院函請審議「全民健康保險法第二條條文修正草案」案、(二)委員謝衣等17人擬具「全民健康保險法第二條條文修正草案」案；七、審查行政院函請審議「人類免疫缺乏病毒傳染防治及感染者權益保障條例第十五條之一條文修正草案」案；八、審查行政院函請審議「人體器官移植條例第八條及第二十五條條文修正草案」案；九、審查行政院函請審議「人體生物資料庫管理條例第六條條文修正草案」案；十、審查行政院函請審議「病人自主權利法第十條及第十九條條文修正草案」案；十一、審查(一)行政院函請審議「安寧緩和醫療條例第五條條文修正草案」案、(二)委員謝衣等18人擬具「安寧緩和醫療條例第五條條文修正草案」案,1.0,78.0,https://ppg.ly.gov.tw/ppg/download/communique1/work/109/89/LCIDC01_1098901_00002.doc,all,LCIDC01_1098901_00002
109,91.0,1.0,10,2,11.0,,1.0,3.0,1091118,社會福利及衛生環境委員會第11次會議繼續審查中華民國110年度中央政府總預算關於行政院環境保護署主管預算（公務及基金預算）案,1.0,468.0,https://ppg.ly.gov.tw/ppg/download/communique1/work/109/91/LCIDC01_1099101_00002.doc,all,LCIDC01_1099101_00002
109,96.0,1.0,10,2,12.0,,1.0,3.0,1091123,社會福利及衛生環境委員會第12次會議一、邀請衛生福利部部長針對「國內COVID─19疫情控制及未來發展」、「國內秋冬防疫專案」、「目前國內COVID─19疫苗研發進度及對外採購狀況」列席報告，並備質詢；二、審查：(一)時代力量黨團擬具「食品安全衛生管理法部分條文修正草案」案、(二)委員江啟臣等22人擬具「食品安全衛生管理法第四條及第十五條條文修正草案」案、(三)委員鄭正鈐等22人擬具「食品安全衛生管理法第四條條文修正草案」案、(四)委員張育美等17人擬具「食品安全衛生管理法第十五條條文修正草案」案、(五)委員林奕華等18人擬具「食品安全衛生管理法第十五條及第二十二條條文修正草案」案、(六)委員謝衣等22人擬具「食品安全衛生管理法第十五條條文修正草案」案、(七)委員呂玉玲等20人擬具「食品安全衛生管理法第十五條及第四十一條條文修正草案」案、(八)委員鄭麗文等16人擬具「食品安全衛生管理法第十五條條文修正草案」案、(九)委員賴士葆等19人擬具「食品安全衛生管理法第十五條條文修正草案」案、(十)委員魯明哲等22人擬具「食品安全衛生管理法第十五條及第二十二條條文修正草案」案、(十一)委員賴士葆等22人擬具「食品安全衛生管理法第二十二條條文修正草案」案、(十二)委員謝衣等22人擬具「食品安全衛生管理法第二十二條條文修正草案」案、(十三)委員鄭正鈐等23人擬具「食品安全衛生管理法第二十二條條文修正草案」案、(十四)委員蔣萬安等21人擬具「食品安全衛生管理法第二十二條、第二十四條及第二十五條條文修正草案」案、(十五)民眾黨黨團擬具「食品安全衛生管理法部分條文修正草案」案、(十六)委員賴士葆等22人擬具「食品安全衛生管理法第十五條條文修正草案」案、(十七)委員鄭正鈐等24人擬具「食品安全衛生管理法第十五條條文修正草案」案、(十八)委員廖婉汝等17人擬具「食品安全衛生管理法第十五條條文修正草案」案、(十九)委員吳斯懷等20人擬具「食品安全衛生管理法第二十二條條文修正草案」案、(二十)委員廖婉汝等17人擬具「食品安全衛生管理法第二十二條條文修正草案」案,1.0,270.0,https://ppg.ly.gov.tw/ppg/download/communique1/work/109/96/LCIDC01_1099601_00002.doc,all,LCIDC01_1099601_00002
109,97.0,2.0,10,2,13.0,,5.0,3.0,1091125,社會福利及衛生環境委員會第13次會議邀請勞動部部長、衛生福利部針對「如何具體防治職場霸凌及職場心理健康促進計畫執行成效」、「如何透過『中高齡者及高齡者就業促進法』之施行，整合並打造無年齡歧視就業環境」列席報告，並備質詢,339.0,408.0,https://ppg.ly.gov.tw/ppg/download/communique1/work/109/97/LCIDC01_1099702_00007.doc,all,LCIDC01_1099702_00007
110,2.0,1.0,10,2,16.0,,1.0,3.0,1091203,社會福利及衛生環境委員會第16次會議一、邀請衛生福利部、原住民族委員會及行政院農業委員會就「原住民藥用植物及台灣原生藥用植物之發展現況」進行專題報告，並備質詢；二、處理中華民國109年度中央政府總預算有關衛生福利部主管預算（基金預算）解凍書面報告案6案,1.0,84.0,https://ppg.ly.gov.tw/ppg/download/communique1/work/110/02/LCIDC01_1100201_00002.doc,all,LCIDC01_1100201_00002
110,4.0,1.0,10,2,17.0,,5.0,3.0,1091207,社會福利及衛生環境委員會第17次會議邀請行政院環境保護署署長、經濟部次長、交通部、科技部、內政部、行政院農業委員會針對「從南投草屯、雲林崙背垃圾場火警全面檢視我國各縣市垃圾處理及焚化爐運作狀況、廢棄物處理政策檢討、修法期程暨廢棄物燃料化之盤點狀況」、「104年至109年『清淨空氣行動計畫』執行檢討及109年至112年『空氣污染防制行動方案』專案及執行」列席報告，並備質詢,233.0,350.0,https://ppg.ly.gov.tw/ppg/download/communique1/work/110/04/LCIDC01_1100401_00006.doc,all,LCIDC01_1100401_00006
110,9.0,1.0,10,2,19.0,,3.0,3.0,1091214,社會福利及衛生環境委員會第19次會議邀請衛生福利部、原住民族委員會就「如何促進國人口腔健康及補助老人裝置假牙執行現況檢討」進行專題報告，並備質詢，邀請衛生福利部就「罕見疾病防治及藥物法立法20周年之成果與檢討」進行專題報告，並備質詢,133.0,372.0,https://ppg.ly.gov.tw/ppg/download/communique1/work/110/09/LCIDC01_1100901_00004.doc,all,LCIDC01_1100901_00004
110,101.0,1.0,10,4,15.0,,2.0,3.0,1101103,社會福利及衛生環境委員會第15次會議邀請衛生福利部部長針對「爭取COVID─19新冠肺炎國際疫苗代工策略、目前我國各項疫苗政策方向、疫苗整備情形及109年8月AZ疫苗研發團隊來台探詢代工疫苗評估過程」進行專題報告，並備質詢,45.0,122.0,https://ppg.ly.gov.tw/ppg/download/communique1/work/110/101/LCIDC01_11010101_00003.doc,all,LCIDC01_11010101_00003
110,103.0,1.0,10,4,16.0,,3.0,3.0,1101104,社會福利及衛生環境委員會第16次會議邀請勞動部部長、衛生福利部部長、經濟部次長及國家發展委員會副主任委員針對「勞動部擬開放移工入境相關防疫規劃準備工作，以及我國現階段產業缺工狀況及改善計畫」進行專題報告，並備質詢,253.0,326.0,https://ppg.ly.gov.tw/ppg/download/communique1/work/110/103/LCIDC01_11010301_00004.doc,all,LCIDC01_11010301_00004
110,107.0,1.0,10,4,17.0,,2.0,3.0,1101110,社會福利及衛生環境委員會第17次會議邀請衛生福利部針對「身心失能者長照發展現況及精神病人長期照顧示範計畫執行結果檢討」進行專題報告，並備質詢,55.0,116.0,https://ppg.ly.gov.tw/ppg/download/communique1/work/110/107/LCIDC01_11010701_00003.doc,all,LCIDC01_11010701_00003
110,110.0,1.0,10,4,18.0,,1.0,3.0,1101111,社會福利及衛生環境委員會第18次會議邀請行政院環境保護署、衛生福利部、經濟部、科技部、行政院農業委員會及內政部針對「事業廢棄物處理及流向追蹤」進行專題報告，並備質詢,1.0,76.0,https://ppg.ly.gov.tw/ppg/download/communique1/work/110/110/LCIDC01_11011001_00002.doc,all,LCIDC01_11011001_00002
110,113.0,1.0,10,4,19.0,,2.0,3.0,1101115,社會福利及衛生環境委員會第19次會議審查中華民國111年度中央政府總預算關於勞動部主管預算（公務預算及基金）案,103.0,152.0,https://ppg.ly.gov.tw/ppg/download/communique1/work/110/113/LCIDC01_11011301_00003.doc,all,LCIDC01_11011301_00003
110,115.0,1.0,10,4,20.0,,3.0,3.0,1101117,社會福利及衛生環境委員會第20次會議一、邀請衛生福利部部長、法務部次長、國家通訊傳播委員會副主任委員、iWIN網路內容防護機構、教育部及內政部警政署就「如何遏制數位、網路技術增加兒少性剝削案件數量及風險」進行專題報告，並備質詢；二、邀請衛生福利部部長、外交部就「疫情指揮中心宣布國人接種COVID─19（新冠肺炎）高端疫苗，可依擬入境國的查驗需求，加打2劑國際認證疫苗之健康風險評估過程及高端疫苗國際認證進度、接種後可入境或入境免隔離國家洽談進度」進行專題報告，並備質詢,217.0,286.0,https://ppg.ly.gov.tw/ppg/download/communique1/work/110/115/LCIDC01_11011501_00004.doc,all,LCIDC01_11011501_00004
110,116.0,1.0,10,4,21.0,,1.0,3.0,1101118,社會福利及衛生環境委員會第21次會議一、邀請行政院環境保護署署長就「參與聯合國氣候變遷大會（COP26）成果以及提升我國氣候績效政策方向」進行專題報告，並備質詢；二、審查中華民國111年度中央政府總預算關於行政院環境保護署主管預算（公務預算及基金）案,1.0,76.0,https://ppg.ly.gov.tw/ppg/download/communique1/work/110/116/LCIDC01_11011601_00002.doc,all,LCIDC01_11011601_00002
110,26.0,1.0,10,3,1.0,,22.0,3.0,1100308,社會福利及衛生環境委員會第1次會議選舉第10屆第3會期本會召集委員,377.0,378.0,https://ppg.ly.gov.tw/ppg/download/communique1/work/110/26/LCIDC01_1102601_00013.doc,all,LCIDC01_1102601_00013
110,28.0,1.0,10,3,2.0,,11.0,3.0,1100311,社會福利及衛生環境委員會第2次會議邀請勞動部部長列席報告業務概況，並備質詢,315.0,386.0,https://ppg.ly.gov.tw/ppg/download/communique1/work/110/28/LCIDC01_1102801_00010.doc,all,LCIDC01_1102801_00010
110,31.0,1.0,10,3,3.0,,1.0,3.0,1100317,社會福利及衛生環境委員會第3次會議邀請衛生福利部部長針對我國新冠肺炎（COVID─19）疫苗整備情況進行報告，並備質詢,1.0,52.0,https://ppg.ly.gov.tw/ppg/download/communique1/work/110/31/LCIDC01_1103101_00002.doc,all,LCIDC01_1103101_00002
110,33.0,1.0,10,3,4.0,,4.0,3.0,1100318,社會福利及衛生環境委員會第4次會議邀請衛生福利部部長列席報告業務概況，並備質詢,191.0,252.0,https://ppg.ly.gov.tw/ppg/download/communique1/work/110/33/LCIDC01_1103301_00005.doc,all,LCIDC01_1103301_00005
110,34.0,1.0,10,3,5.0,,9.0,3.0,1100322,社會福利及衛生環境委員會第5次會議邀請行政院環境保護署署長列席報告業務概況，並備質詢,137.0,156.0,https://ppg.ly.gov.tw/ppg/download/communique1/work/110/34/LCIDC01_1103401_00007.doc,all,LCIDC01_1103401_00007
110,34.0,1.0,10,3,6.0,,12.0,3.0,1100324,社會福利及衛生環境委員會第6次會議邀請行政院環境保護署署長列席報告業務概況，並備質詢,237.0,238.0,https://ppg.ly.gov.tw/ppg/download/communique1/work/110/34/LCIDC01_1103401_00010.doc,all,LCIDC01_1103401_00010
110,37.0,1.0,10,3,7.0,,3.0,3.0,1100325,社會福利及衛生環境委員會第7次會議邀請衛生福利部、外交部、經濟部、三軍總醫院、臺中榮民總醫院就「新型冠狀病毒中醫臨床分期治療指引：中西合作照護、中醫會診治療COVID─19患者之情形」及「清冠1號之外銷及援外情況」進行專題報告，並備質詢,187.0,262.0,https://ppg.ly.gov.tw/ppg/download/communique1/work/110/37/LCIDC01_1103701_00004.doc,all,LCIDC01_1103701_00004
110,38.0,1.0,10,3,8.0,,3.0,3.0,1100329,社會福利及衛生環境委員會第8次會議邀請衛生福利部部長就「有關COVID─19（新冠肺炎）疫苗施打後，相關效益、異常通報之統計、分析及資訊公開，與未來疫苗整備規劃」進行專題報告，並備質詢,171.0,226.0,https://ppg.ly.gov.tw/ppg/download/communique1/work/110/38/LCIDC01_1103801_00004.doc,all,LCIDC01_1103801_00004
110,39.0,1.0,10,3,9.0,,2.0,3.0,1100331,社會福利及衛生環境委員會第9次會議邀請衛生福利部部長、國家發展委員會、經濟部就「COVID─19（新冠肺炎）對國內生技產業發展之影響評估，與政府因應疫情變化之施政計畫及政府針對國內相關產業的佈局與未來規劃」進行專題報告，並備質詢,73.0,138.0,https://ppg.ly.gov.tw/ppg/download/communique1/work/110/39/LCIDC01_1103901_00003.doc,all,LCIDC01_1103901_00003
110,50.0,1.0,10,3,12.0,,4.0,3.0,1100419,社會福利及衛生環境委員會第12次會議邀請衛生福利部、交通部、教育部、外交部、法務部、內政部及原住民族委員會就「0402臺鐵408次列車事故案之災後關懷與扶助規劃」及「衛生福利部辦理0402臺鐵408次列車事故案捐款管理及監督委員會之捐款管理」進行專題報告，並備質詢,183.0,314.0,https://ppg.ly.gov.tw/ppg/download/communique1/work/110/50/LCIDC01_1105001_00005.doc,all,LCIDC01_1105001_00005
110,52.0,1.0,10,3,13.0,,1.0,3.0,1100421,社會福利及衛生環境委員會第13次會議邀請勞動部、交通部、衛生福利部、財政部、外交部、經濟部、內政部、國防部、教育部、審計部、科技部、行政院環境保護署、國家運輸安全調查委員會、行政院主計總處、國家發展委員會、行政院消費者保護處、交通部臺灣鐵路管理局、台灣高速鐵路股份有限公司、行政院公共工程委員會等單位針對「智能化職安、工安（含外勞政策檢討）及公安總體檢（含吹哨者保護）與災害後危機處理及救濟（含財源、捐款用途）」列席報告，並備質詢,1.0,110.0,https://ppg.ly.gov.tw/ppg/download/communique1/work/110/52/LCIDC01_1105201_00002.doc,all,LCIDC01_1105201_00002
110,52.0,1.0,10,3,,,5.0,3.0,1100428,社會福利及衛生環境委員會會議舉行「為早期發現癌症挽救國人生命，鬆綁電腦斷層與核磁共振購置許可法規」公聽會,275.0,308.0,https://ppg.ly.gov.tw/ppg/download/communique1/work/110/52/LCIDC01_1105201_00006.doc,all,LCIDC01_1105201_00006
110,52.0,1.0,10,3,,,7.0,3.0,1100429,社會福利及衛生環境委員會會議舉行「我國面對少子女化困境之因應對策」公聽會,341.0,468.0,https://ppg.ly.gov.tw/ppg/download/communique1/work/110/52/LCIDC01_1105201_00008.doc,all,LCIDC01_1105201_00008
110,55.0,1.0,10,3,14.0,,7.0,3.0,1100429,社會福利及衛生環境委員會第14次會議討論立法院社會福利及衛生環境委員會「COVID─19（新冠肺炎）疫苗採購調閱專案小組運作要點草案」案,329.0,348.0,https://ppg.ly.gov.tw/ppg/download/communique1/work/110/55/LCIDC01_1105501_00008.doc,all,LCIDC01_1105501_00008
110,58.0,1.0,10,3,3.0,,1.0,3.0,1100503,內政、社會福利及衛生環境委員會第3次聯席會議一、審查行政院函請審議「跟蹤騷擾防制法草案」案；二、繼續審查委員江永昌等19人擬具「糾纏行為防制法草案」案；三、繼續審查委員林為洲等23人擬具「跟蹤騷擾防制法草案」案；四、繼續審查委員鄭麗文等20人擬具「跟蹤騷擾防制法草案」案；五、繼續審查委員葉毓蘭等21人擬具「跟蹤騷擾行為防制法草案」案；六、繼續審查委員洪孟楷等20人擬具「跟蹤騷擾防制法草案」案；七、繼續審查民眾黨黨團擬具「跟蹤騷擾防制法草案」案；八、繼續審查委員陳亭妃等18人擬具「糾纏行為防制法草案」案；九、繼續審查委員賴品妤委員等16人擬具「跟蹤騷擾防制法草案」案；十、繼續審查委員楊瓊瓔等23人擬具「跟蹤騷擾行為防制法草案」案；十一、繼續審查委員林思銘等16人擬具「跟蹤騷擾行為防制法草案」案；十二、繼續審查委員蘇巧慧等20人擬具「跟蹤騷擾犯罪防制法草案」案；十三、繼續審查委員范雲等16人擬具「跟蹤騷擾防制法草案」案；十四、繼續審查委員魯明哲等19人擬具「跟蹤騷擾防制法草案」案；十五、繼續審查委員張宏陸等18人擬具「糾纏行為防制法草案」案；十六、繼續審查時代力量黨團擬具「跟蹤騷擾防制法草案」案；十七、繼續審查委員吳思瑤等17人擬具「跟蹤騷擾防制法草案」案；十八、繼續審查委員鄭天財SraKacaw等17人擬具「跟蹤騷擾防制法草案」案；十九、繼續審查委員林楚茵等17人擬具「跟蹤騷擾防制法草案」案；二十、審查委員沈發惠等16人擬具「跟蹤騷擾防治法草案」案；二十一、審查委員莊競程等24人擬具「跟蹤騷擾防制法草案」案；二十二、審查委員林昶佐等16人擬具「跟蹤騷擾防制法草案」案；二十三、審查委員周春米等18人擬具「跟蹤騷擾防制法草案」案,1.0,160.0,https://ppg.ly.gov.tw/ppg/download/communique1/work/110/58/LCIDC01_1105801_00002.doc,all,LCIDC01_1105801_00002
110,58.0,1.0,10,3,15.0,,5.0,3.0,1100505,社會福利及衛生環境委員會第15次會議一、「立法院社會福利及衛生環境委員會COVID─19（新冠肺炎）疫苗採購調閱專案小組」召集人推舉事宜；二、邀請勞動部就「勞工職業災害保險及保護法後續子法規劃及施行期程」列席報告，並備質詢；三、處理中華民國110年度中央政府總預算有關勞動部主管預算（公務預算）解凍案25案；四、審查陳委員瑩等17人擬具「廢棄物清理法第三十一條、第三十九條之一及第四十條之一條文修正草案」案；五、處理中華民國110年度中央政府總預算有關行政院環境保護署主管預算（公務預算）解凍案46案,423.0,498.0,https://ppg.ly.gov.tw/ppg/download/communique1/work/110/58/LCIDC01_1105801_00006.doc,all,LCIDC01_1105801_00006
110,62.0,1.0,10,3,16.0,,3.0,3.0,1100506,社會福利及衛生環境委員會第16次會議一、審查：(一)行政院函請審議「長期照顧服務法部分條文修正草案」案、(二)委員莊競程等18人擬具「長期照顧服務法第三十條條文修正草案」案、(三)委員吳玉琴等16人擬具「長期照顧服務法部分條文修正草案」案、(四)委員吳玉琴等16人擬具「長期照顧服務法第十八條條文修正草案」案、(五)委員謝衣等16人擬具「長期照顧服務法第六條條文修正草案」案；二、審查：(一)委員賴品妤等18人擬具「菸害防制法第十三條及第十七條條文修正草案」案、(二)委員洪孟楷等19人擬具「菸害防制法第三條條文修正草案」案、(三)委員蔡易餘等17人擬具「菸害防制法第二條及第十四條條文修正草案」案、(四)委員楊曜等17人擬具「菸害防制法第十三條條文修正草案」案；三、處理中華民國110年度中央政府總預算有關衛生福利部主管預算（公務預算）解凍案128案,135.0,256.0,https://ppg.ly.gov.tw/ppg/download/communique1/work/110/62/LCIDC01_1106201_00004.doc,all,LCIDC01_1106201_00004
110,63.0,1.0,10,3,17.0,,3.0,3.0,1100510,社會福利及衛生環境委員會第17次會議一、邀請衛生福利部、經濟部智慧財產局針對「我國國產疫苗研發進度、擴大開放民眾自費採檢申請資格與豁免疫苗專利保護對我國研發及生產疫苗之影響」進行專題報告，並備質詢；二、邀請衛生福利部、交通部、教育部、勞動部、內政部針對「疫調資訊落差及通報程序空窗對人民知情權之影響」進行專題報告，並備質詢；另邀請臺北市政府、新北市政府及桃園市政府列席,183.0,254.0,https://ppg.ly.gov.tw/ppg/download/communique1/work/110/63/LCIDC01_1106301_00004.doc,all,LCIDC01_1106301_00004
110,64.0,1.0,10,3,18.0,,2.0,3.0,1100512,社會福利及衛生環境委員會第18次會議邀請衛生福利部、交通部針對「諾富特旅館群聚感染事件引發管理權責互踢皮球之檢討暨全國防疫旅宿設置及管理執行情況」進行專題報告，並備質詢；另邀請臺北市政府、新北市政府及桃園市政府列席,77.0,166.0,https://ppg.ly.gov.tw/ppg/download/communique1/work/110/64/LCIDC01_1106401_00003.doc,all,LCIDC01_1106401_00003
110,66.0,2.0,10,3,19.0,,17.0,3.0,1100513,社會福利及衛生環境委員會第19次會議一、邀請衛生福利部、國家發展委員會、原住民族委員會、國軍退除役官兵輔導委員會針對「改善金門、馬祖、澎湖及原住民地區長照2.0實施現況與問題及未來精進作為之整體規劃」進行專題報告，並備質詢；二、邀請衛生福利部、國家發展委員會、原住民族委員會、國軍退除役官兵輔導委員會針對「改善金門、馬祖、澎湖及原住民地區醫療資源分配不均之整體規劃（含具體解決期程）」進行專題報告，並備質詢；三、審查(一)委員溫玉霞等16人擬具「全民健康保險法增訂第十六條之一條文草案」案。(二)委員廖國棟等26人擬具「全民健康保險法第五十三條條文修正草案」案。(三)委員陳玉珍等20人擬具「全民健康保險法第四十二條條文修正草案」案。(四)委員葉毓蘭等18人擬具「全民健康保險法第三十條條文修正草案」案,357.0,438.0,https://ppg.ly.gov.tw/ppg/download/communique1/work/110/66/LCIDC01_1106602_00007.doc,all,LCIDC01_1106602_00007
110,73.0,1.0,10,4,1.0,,12.0,3.0,1100923,社會福利及衛生環境委員會第1次會議選舉第10屆第4會期本會召集委員,273.0,274.0,https://ppg.ly.gov.tw/ppg/download/communique1/work/110/73/LCIDC01_1107301_00006.doc,all,LCIDC01_1107301_00006
110,74.0,1.0,10,4,2.0,,7.0,3.0,1100927,社會福利及衛生環境委員會第2次會議討論立法院社會福利及衛生環境委員會「COVID─19（新冠肺炎）疫苗採購調閱專案小組運作要點草案」案（上午9時至10時）；邀請衛生福利部部長列席報告業務概況，並備質詢,187.0,246.0,https://ppg.ly.gov.tw/ppg/download/communique1/work/110/74/LCIDC01_1107401_00008.doc,all,LCIDC01_1107401_00008
110,76.0,1.0,10,4,3.0,,2.0,3.0,1100929,社會福利及衛生環境委員會第3次會議一、繼續審查(一)民眾黨黨團擬具「性別工作平等法第十五條條文修正草案」案；(二)委員費鴻泰等21人擬具「性別工作平等法第十五條條文修正草案」案；(三)委員許淑華等16人擬具「性別工作平等法第十五條條文修正草案」案；(四)委員洪孟楷等19人擬具「性別工作平等法第十五條條文修正草案」案；(五)委員江啟臣等21人擬具「性別工作平等法第十五條條文修正草案」案；(六)委員萬美玲等17人擬具「性別工作平等法第十五條條文修正草案」案；(七)委員鄭運鵬等21人擬具「性別工作平等法第十五條條文修正草案」案；(八)委員高嘉瑜等17人擬具「性別工作平等法第十五條條文修正草案」案；(九)委員吳琪銘等21人擬具「性別工作平等法第十五條條文修正草案」案；(十)委員蔣萬安等19人擬具「性別工作平等法第十五條條文修正草案」案；(十一)委員林昶佐等16人擬具「性別工作平等法第十五條條文修正草案」案；(十二)委員蔣萬安等21人擬具「性別工作平等法第十五條條文修正草案」案；二、審查(一)行政院函請審議「性別工作平等法部分條文修正草案」案；(二)時代力量黨團擬具「性別工作平等法第十五條條文修正草案」案；(三)委員李昆澤等19人擬具「性別工作平等法第十五條條文修正草案」案；(四)委員范雲等17人擬具「性別工作平等法第十五條條文修正草案」案；(五)委員楊瓊瓔等23人擬具「性別工作平等法第十五條條文修正草案」案；(六)委員楊曜等20人擬具「性別工作平等法第十五條條文修正草案」案；(七)委員謝衣等17人擬具「性別工作平等法第十五條條文修正草案」案；(八)委員劉建國等17人擬具「性別工作平等法第十五條條文修正草案」案；(九)委員賴惠員等17人擬具「性別工作平等法第十五條條文修正草案」案；(十)委員徐志榮等17人擬具「性別工作平等法第十五條條文修正草案」案；(十一)委員魯明哲等21人擬具「性別工作平等法第十五條條文修正草案」案；(十二)委員李昆澤等20人擬具「性別工作平等法第十五條條文修正草案」案；(十三)委員劉世芳等19人擬具「性別工作平等法第十五條條文修正草案」案；(十四)委員鄭正鈐等17人擬具「性別工作平等法第十五條條文修正草案」案；(十五)委員管碧玲等25人擬具「性別工作平等法第十九條條文修正草案」案；(十六)委員徐志榮等17人擬具「性別工作平等法第十九條條文修正草案」案；(十七)委員陳柏惟等22人擬具「性別工作平等法刪除第二十二條條文草案」案；(十八)委員許淑華等16人擬具「性別工作平等法部分條文修正草案」案；三、審查(一)行政院函請審議「就業保險法第十九條之二條文修正草案」案；(二)委員許淑華等17人擬具「就業保險法第十九條之二條文修正草案」案；(三)委員廖婉汝等22人擬具「就業保險法第十九條之二條文修正草案」案；(四)委員萬美玲等28人擬具「就業保險法第十九條之二條文修正草案」案；(五)委員劉建國等18人擬具「就業保險法第十九條之二條文修正草案」案；(六)委員呂玉玲等17人擬具「就業保險法第十九條之二條文修正草案」案；(七)委員許淑華等16人擬具「就業保險,61.0,170.0,https://ppg.ly.gov.tw/ppg/download/communique1/work/110/76/LCIDC01_1107601_00003.doc,all,LCIDC01_1107601_00003
110,79.0,1.0,10,4,4.0,,3.0,3.0,1101004,社會福利及衛生環境委員會第4次會議一、邀請行政院環境保護署署長、經濟部次長、交通部次長針對「我國為達成2050年淨零碳排目標之具體作為以及歐盟宣布『碳邊境調整機制』（carbonborderadjustmentmechanism，簡稱CBAM）對企業影響評估及因應措施」進行專題報告，並備質詢；二、邀請行政院環境保護署署長、經濟部次長針對「溫室氣體減量及管理法修法方向及修法期程」進行專題報告，並備質詢,131.0,222.0,https://ppg.ly.gov.tw/ppg/download/communique1/work/110/79/LCIDC01_1107901_00004.doc,all,LCIDC01_1107901_00004
110,80.0,1.0,10,4,5.0,,4.0,3.0,1101006,社會福利及衛生環境委員會第5次會議一、邀請衛生福利部部長、司法院、法務部、內政部警政署針對「從重大事件發生再次檢視社會安全、盤點現行精神衛生法令規範、檢視社區復健及支持資源建置是否足夠」進行專題報告，並備質詢；二、繼續審查(一)委員賴惠員等18人擬具「精神衛生法部分條文修正草案」案、(二)委員王婉諭等17人擬具「精神衛生法修正草案」案、(三)委員蔣萬安等17人擬具「精神衛生法修正草案」案,335.0,404.0,https://ppg.ly.gov.tw/ppg/download/communique1/work/110/80/LCIDC01_1108001_00005.doc,all,LCIDC01_1108001_00005
110,85.0,1.0,10,4,6.0,,1.0,3.0,1101007,社會福利及衛生環境委員會第6次會議一、邀請勞動部部長、經濟部、國家發展委員會針對「今年基本工資調整方向、配套措施、倘若提供補貼之財源及依據」進行專題報告，並備質詢；二、邀請勞動部部長針對「最低工資法修法方向及修法期程」進行專題報告，並備質詢；三、邀請勞動部部長針對「檢視疫情之下自營作業者之經濟安全及納入就業保險之可行性」進行專題報告，並備質詢,1.0,66.0,https://ppg.ly.gov.tw/ppg/download/communique1/work/110/85/LCIDC01_1108501_00002.doc,all,LCIDC01_1108501_00002
110,86.0,1.0,10,4,7.0,,2.0,3.0,1101013,社會福利及衛生環境委員會第7次會議邀請勞動部、衛生福利部、經濟部、交通部、文化部針對「武漢肺炎（COVID─19）疫情期間我國就業安定措施之推動情形暨勞工紓困措施之落實狀況與成效檢討」進行專題報告，並備質詢,55.0,134.0,https://ppg.ly.gov.tw/ppg/download/communique1/work/110/86/LCIDC01_1108601_00003.doc,all,LCIDC01_1108601_00003
110,86.0,1.0,10,4,8.0,,5.0,3.0,1101014,社會福利及衛生環境委員會第8次會議邀請衛生福利部、法務部針對「精神疾病患者長期照顧服務之推動現況、長照機構與社福機構相關資源之盤點、建置與整合」進行專題報告，並備質詢,319.0,378.0,https://ppg.ly.gov.tw/ppg/download/communique1/work/110/86/LCIDC01_1108601_00006.doc,all,LCIDC01_1108601_00006
110,88.0,1.0,10,4,9.0,,4.0,3.0,1101018,社會福利及衛生環境委員會第9次會議一、邀請衛生福利部部長、內政部次長針對「從高雄大火事件檢視我國防災醫療救護與復原重建制度、盤點我國複合式大樓之公安規劃、消防安全設備檢修及演練成效」進行專題報告，並備質詢；二、邀請衛生福利部部長、勞動部部長針對「政府針對染疫康復者『後新冠併發症』之復健及追蹤、染疫康復者指引進度以及關懷措施」、「如何防免染疫康復者遭受職場霸淩、歧視以及協助染疫勞工認定職業災害之具體作為」進行專題報告，並備質詢,277.0,352.0,https://ppg.ly.gov.tw/ppg/download/communique1/work/110/88/LCIDC01_1108801_00005.doc,all,LCIDC01_1108801_00005
110,90.0,1.0,10,4,10.0,,1.0,3.0,1101020,社會福利及衛生環境委員會第10次會議邀請行政院環境保護署署長列席報告業務概況，並備質詢,1.0,56.0,https://ppg.ly.gov.tw/ppg/download/communique1/work/110/90/LCIDC01_1109001_00002.doc,all,LCIDC01_1109001_00002
110,93.0,1.0,10,4,11.0,,1.0,3.0,1101021,社會福利及衛生環境委員會第11次會議一、邀請衛生福利部部長就「目前預防接種受害救濟制度，對於民眾施打新冠肺炎疫苗通報不良反應數量增加，審議進度、審議期間提供經濟支援及協助之精進計畫」提出專題報告，並備質詢；二、邀請衛生福利部部長針對「秋冬季節新冠肺炎（COVID─19）疫情防範工作及管制措施之規劃、現階段疫苗到貨情況，疫苗預約平台管理維護、疫苗施打進度、混打規劃暨明年度疫苗採購規劃」提出專題報告，並備質詢,1.0,66.0,https://ppg.ly.gov.tw/ppg/download/communique1/work/110/93/LCIDC01_1109301_00002.doc,all,LCIDC01_1109301_00002
110,94.0,1.0,10,4,12.0,,2.0,3.0,1101025,社會福利及衛生環境委員會第12次會議一、邀請衛生福利部部長列席報告業務概況，並備質詢；二、審查中華民國111年度中央政府總預算關於衛生福利部主管預算（公務及基金預算）案,57.0,134.0,https://ppg.ly.gov.tw/ppg/download/communique1/work/110/94/LCIDC01_1109401_00003.doc,all,LCIDC01_1109401_00003
110,97.0,1.0,10,4,13.0,,9.0,3.0,1101028,社會福利及衛生環境委員會第13次會議邀請行政院環境保護署、衛生福利部、經濟部、交通部、科技部、教育部及行政院農業委員會針對「我國空氣污染防制工作現況及後續精進作為」進行專題報告，並備質詢,303.0,396.0,https://ppg.ly.gov.tw/ppg/download/communique1/work/110/97/LCIDC01_1109701_00010.doc,all,LCIDC01_1109701_00010
110,98.0,1.0,10,4,14.0,,3.0,3.0,1101101,社會福利及衛生環境委員會第14次會議邀請勞動部部長列席報告業務概況，並備質詢,229.0,290.0,https://ppg.ly.gov.tw/ppg/download/communique1/work/110/98/LCIDC01_1109801_00004.doc,all,LCIDC01_1109801_00004
111,6.0,1.0,10,4,23.0,,3.0,3.0,1101129,社會福利及衛生環境委員會第23次會議一、審查(一)委員黃秀芳等21人擬具「性別工作平等法增訂第二十條之一條文草案」案、(二)委員蔣萬安等19人擬具「性別工作平等法增訂第二十條之一條文草案」案、(三)委員劉建國等19人擬具「性別工作平等法增訂第二十條之一條文草案」案；二、審查(一)委員許淑華等17人擬具「就業保險法第十九條之一條文修正草案」案、(二)委員莊競程等19人擬具「就業保險法第十九條之一條文修正草案」案、(三)委員林文瑞等16人擬具「就業保險法第十九條之一條文修正草案」案、(四)委員蔣萬安等16人擬具「就業保險法第十九條之一條文修正草案」案,113.0,312.0,https://ppg.ly.gov.tw/ppg/download/communique1/work/111/06/LCIDC01_1110601_00004.doc,all,LCIDC01_1110601_00004
111,8.0,1.0,10,4,24.0,,4.0,3.0,1101202,社會福利及衛生環境委員會第24次會議一、邀請衛生福利部部長、內政部次長、外交部次長針對「面對COVID─19變異病毒Omicron疫情威脅，我國疫苗、邊境管理政策因應作為、COVID─19口服藥研發採購及審查進度」進行專題報告，並備質詢；二、邀請衛生福利部部長、財政部次長、行政院消費者保護處針對「民眾利用國際電商平台跨境購買健康食品或營養補充劑之權益保障、報關、查驗程序及效率精進作為」進行專題報告，並備質詢；三、邀請衛生福利部部長針對「衛生福利部於公民投票期間如何嚴守行政中立相關作為」進行專題報告，並備質詢,261.0,332.0,https://ppg.ly.gov.tw/ppg/download/communique1/work/111/08/LCIDC01_1110801_00005.doc,all,LCIDC01_1110801_00005
111,8.0,1.0,10,4,,,5.0,3.0,1101206,社會福利及衛生環境委員會會議舉行「醫學工程師法草案」公聽會,333.0,352.0,https://ppg.ly.gov.tw/ppg/download/communique1/work/111/08/LCIDC01_1110801_00006.doc,all,LCIDC01_1110801_00006
111,101.0,2.0,10,6,8.0,,1.0,3.0,1111102,社會福利及衛生環境委員會第8次會議繼續審查一、中華民國112年度中央政府總預算案關於勞動部主管預算；二、勞動部函送財團法人職業災害預防及重建中心111年度及112年度預算書案,1.0,402.0,https://ppg.ly.gov.tw/ppg/download/communique1/work/111/101/LCIDC01_11110102_00002.doc,all,LCIDC01_11110102_00002
111,103.0,1.0,10,6,9.0,,4.0,3.0,1111107,社會福利及衛生環境委員會第9次會議審查中華民國112年度中央政府總預算案關於衛生福利部主管預算,243.0,390.0,https://ppg.ly.gov.tw/ppg/download/communique1/work/111/103/LCIDC01_11110301_00005.doc,all,LCIDC01_11110301_00005
111,103.0,1.0,10,6,,,6.0,3.0,1111109,社會福利及衛生環境委員會會議舉行「身心障礙者權益保障法現況與展望及修法方向」公聽會,459.0,504.0,https://ppg.ly.gov.tw/ppg/download/communique1/work/111/103/LCIDC01_11110301_00007.doc,all,LCIDC01_11110301_00007
111,104.0,1.0,10,6,8.0,,13.0,8.0,1111108,一、本院社會福利及衛生環境委員會報告併案審查行政院函請審議「精神衛生法修正草案」、委員王婉諭等17人擬具「精神衛生法修正草案」、委員蔣萬安等17人擬具「精神衛生法修正草案」、委員林為洲等17人擬具「精神衛生法修正草案」、委員邱泰源等23人擬具「精神衛生法修正草案」、委員楊瓊瓔等20人擬具「精神衛生法修正草案」、委員莊競程等18人擬具「精神衛生法修正草案」、委員張育美等16人擬具「精神衛生法修正草案」、委員蘇巧慧等22人擬具「精神衛生法修正草案」、台灣民眾黨黨團擬具「精神衛生法修正草案」、委員賴惠員等18人擬具「精神衛生法部分條文修正草案」、委員吳玉琴等20人擬具「精神衛生法部分條文修正草案」、委員葉毓蘭等20人擬具「精神衛生法部分條文修正草案」、委員林奕華等24人擬具「精神衛生法部分條文修正草案」、委員謝衣鳯等17人擬具「精神衛生法第十三條及第十四條條文修正草案」、委員許淑華等16人擬具「精神衛生法第十八條條文修正草案」等16案；二、本院委員游毓蘭等17人擬具「精神衛生法部分條文修正草案」，請審議案；三、本院委員范雲等18人擬具「精神衛生法部分條文修正草案」，請審議案,453.0,472.0,https://ppg.ly.gov.tw/ppg/download/communique1/work/111/104/LCIDC01_11110401_00013.doc,all,LCIDC01_11110401_00013
111,105.0,1.0,10,6,10.0,,2.0,3.0,1111110,社會福利及衛生環境委員會第10次會議一、邀請衛生福利部部長就「長期照顧2.0政策檢討與策進規劃，及如何擴大服務態樣、維持服務品質與滿足服務需求」進行專題報告，並備質詢；二、邀請衛生福利部部長就「緊急使用授權審查過程中，行政部門應有之中立與公正分際（如：審查會議中，疾病管制署提供疫苗廠商所檢附保護效益評估報告以外其他資料之法令依據及適法性）」進行專題報告，並備質詢,55.0,122.0,https://ppg.ly.gov.tw/ppg/download/communique1/work/111/105/LCIDC01_11110501_00003.doc,all,LCIDC01_11110501_00003
111,108.0,5.0,10,6,11.0,,13.0,3.0,1111121,社會福利及衛生環境委員會第11次會議邀請勞動部部長、衛生福利部部長就「以臺灣永續發展目標（SDGs）檢視我國國民年金與勞工保險等制度，如何永續穩健照顧社會經濟安全、促進各年齡層生活福祉與提升勞動生產力」進行專題報告，並備質詢,477.0,530.0,https://ppg.ly.gov.tw/ppg/download/communique1/work/111/108/LCIDC01_11110805_00010.doc,all,LCIDC01_11110805_00010
111,110.0,2.0,10,6,12.0,,8.0,3.0,1111123,社會福利及衛生環境委員會第12次會議邀請衛生福利部部長、勞動部部長及國家發展委員會就「少子女化危機下，現行業管政策作為總檢討（含兒少自殺防治），及如何建構橫跨醫衛與社政之專責單位，藉以發揮跨部會施政整合、規劃與執行等效益」進行專題報告，並備質詢,217.0,268.0,https://ppg.ly.gov.tw/ppg/download/communique1/work/111/110/LCIDC01_11111002_00008.doc,all,LCIDC01_11111002_00008
111,111.0,1.0,10,6,13.0,,3.0,3.0,1111124,社會福利及衛生環境委員會第13次會議邀請衛生福利部部長就「醫療服務點值長久失衡、人力科別與地域分布不均，應如何於總額支付制度中達到全民健康保險經營永續與保障醫療權益等目標」進行專題報告，並備質詢,117.0,162.0,https://ppg.ly.gov.tw/ppg/download/communique1/work/111/111/LCIDC01_11111101_00004.doc,all,LCIDC01_11111101_00004
111,111.0,2.0,10,6,14.0,,3.0,3.0,1111128,社會福利及衛生環境委員會第14次會議一、審查(一)行政院函請審議「身心障礙者權益保障法部分條文修正草案」案、(二)委員趙正宇等17人擬具「身心障礙者權益保障法第五十三條之一及第九十九條條文修正草案」案、(三)委員莊競程等19人擬具「身心障礙者權益保障法第六條條文修正草案」案、(四)委員林楚茵等19人擬具「身心障礙者權益保障法第十條條文修正草案」案、(五)台灣民眾黨黨團擬具「身心障礙者權益保障法第六十二條及第六十三條條文修正草案」案、(六)委員謝衣鳯等16人擬具「身心障礙者權益保障法第六十二條及第六十三條條文修正草案」案、(七)委員蔡適應等29人擬具「身心障礙者權益保障法第七十一條條文修正草案」案、(八)委員吳玉琴等16人擬具「身心障礙者權益保障法部分條文修正草案」案、(九)委員高嘉瑜等23人擬具「身心障礙者權益保障法第七十七條條文修正草案」案、(十)委員范雲等16人擬具「身心障礙者權益保障法第十條條文修正草案」案、(十一)委員陳柏惟等19人擬具「身心障礙者權益保障法第七十一條條文修正草案」案、(十二)委員趙正宇等21人擬具「身心障礙者權益保障法第五十二條之二及第五十二條之三條文修正草案」案、(十三)委員蔡適應等21人擬具「身心障礙者權益保障法增訂第二十一條之一條文草案」案、(十四)委員陳以信等20人擬具「身心障礙者權益保障法第五十二條及第六十一條條文修正草案」案、(十五)委員吳玉琴等22人擬具「身心障礙者權益保障法第六十三條之一、第九十條及第九十二條條文修正草案」案、(十六)委員趙正宇等27人擬具「身心障礙者權益保障法第十條條文修正草案」案、(十七)委員范雲等17人擬具「身心障礙者權益保障法第七十一條條文修正草案」案、(十八)委員楊曜等17人擬具「身心障礙者權益保障法第三十八條條文修正草案」案、(十九)委員楊曜等17人擬具「身心障礙者權益保障法第五十二條及第六十一條條文修正草案」案、(二十)委員萬美玲等19人擬具「身心障礙者權益保障法第九十條及第九十二條條文修正草案」案、(二十一)委員廖婉汝等19人擬具「身心障礙者權益保障法第六十三條之一及第九十條條文修正草案」案、(二十二)委員賴品妤等16人擬具「身心障礙者權益保障法增訂第四十條之一條文草案」案、(二十三)委員賴惠員等26人擬具「身心障礙者權益保障法增訂第四十條之一條文草案」案、(二十四)委員余天等23人擬具「身心障礙者權益保障法第五十三條及第九十九條條文修正草案」案、(二十五)委員黃國書等17人擬具「身心障礙者權益保障法第十條條文修正草案」案、(二十六)委員張育美等16人擬具「身心障礙者權益保障法部分條文修正草案」案、(二十七)委員謝衣鳯等16人擬具「身心障礙者權益保障法第十條條文修正草案」案、(二十八)委員林宜瑾等21人擬具「身心障礙者權益保障法部分條文修正草案」案、(二十九)委員楊瓊瓔等18人擬具「身心障礙者權益保障法部分條文修正草案」案、(三十)委員陳明文等17人擬具「身心障礙者權益保障法第二條及第五十三條條文修正草案」案、(三十一)委員馬文君等16人擬具「身心障礙者權益保障法第五十三條條文修正,317.0,478.0,https://ppg.ly.gov.tw/ppg/download/communique1/work/111/111/LCIDC01_11111102_00004.doc,all,LCIDC01_11111102_00004
111,113.0,1.0,10,6,,,2.0,3.0,1111205,社會福利及衛生環境委員會會議舉行「全民健康保險制度之現況與展望」公聽會,61.0,144.0,https://ppg.ly.gov.tw/ppg/download/communique1/work/111/113/LCIDC01_11111301_00003.doc,all,LCIDC01_11111301_00003
111,114.0,2.0,10,6,15.0,,3.0,3.0,1111130,社會福利及衛生環境委員會第15次會議繼續審查：一、行政院函請審議「身心障礙者權益保障法部分條文修正草案」案；二、委員趙正宇等17人擬具「身心障礙者權益保障法第五十三條之一及第九十九條條文修正草案」案；三、委員莊競程等19人擬具「身心障礙者權益保障法第六條條文修正草案」案；四、委員林楚茵等19人擬具「身心障礙者權益保障法第十條條文修正草案」案；五、台灣民眾黨黨團擬具「身心障礙者權益保障法第六十二條及第六十三條條文修正草案」案；六、委員謝衣鳯等16人擬具「身心障礙者權益保障法第六十二條及第六十三條條文修正草案」案；七、委員蔡適應等29人擬具「身心障礙者權益保障法第七十一條條文修正草案」案；八、委員吳玉琴等16人擬具「身心障礙者權益保障法部分條文修正草案」案；九、委員高嘉瑜等23人擬具「身心障礙者權益保障法第七十七條條文修正草案」案；十、委員范雲等16人擬具「身心障礙者權益保障法第十條條文修正草案」案；十一、委員陳柏惟等19人擬具「身心障礙者權益保障法第七十一條條文修正草案」案；十二、委員趙正宇等21人擬具「身心障礙者權益保障法第五十二條之二及第五十二條之三條文修正草案」案；十三、委員蔡適應等21人擬具「身心障礙者權益保障法增訂第二十一條之一條文草案」案；十四、委員陳以信等20人擬具「身心障礙者權益保障法第五十二條及第六十一條條文修正草案」案；十五、委員吳玉琴等22人擬具「身心障礙者權益保障法第六十三條之一、第九十條及第九十二條條文修正草案」案；十六、委員趙正宇等27人擬具「身心障礙者權益保障法第十條條文修正草案」案；十七、委員范雲等17人擬具「身心障礙者權益保障法第七十一條條文修正草案」案；十八、委員楊曜等17人擬具「身心障礙者權益保障法第三十八條條文修正草案」案；十九、委員楊曜等17人擬具「身心障礙者權益保障法第五十二條及第六十一條條文修正草案」案；二十、委員萬美玲等19人擬具「身心障礙者權益保障法第九十條及第九十二條條文修正草案」案；二十一、委員廖婉汝等19人擬具「身心障礙者權益保障法第六十三條之一及第九十條條文修正草案」案；二十二、委員賴品妤等16人擬具「身心障礙者權益保障法增訂第四十條之一條文草案」案；二十三、委員賴惠員等26人擬具「身心障礙者權益保障法增訂第四十條之一條文草案」案；二十四、委員余天等23人擬具「身心障礙者權益保障法第五十三條及第九十九條條文修正草案」案；二十五、委員黃國書等17人擬具「身心障礙者權益保障法第十條條文修正草案」案；二十六、委員張育美等16人擬具「身心障礙者權益保障法部分條文修正草案」案；二十七、委員謝衣鳯等16人擬具「身心障礙者權益保障法第十條條文修正草案」案；二十八、委員林宜瑾等21人擬具「身心障礙者權益保障法部分條文修正草案」案；二十九、委員楊瓊瓔等18人擬具「身心障礙者權益保障法部分條文修正草案」案；三十、委員陳明文等17人擬具「身心障礙者權益保障法第二條及第五十三條條文修正草案」案；三十一、委員馬文君等16人擬具「身心障礙者權益保障法第五十三條條文修正草案」案；三十二、委員林楚茵等17人擬具「身心障礙者權益保障法增訂第八十三條之一條文草案」案；三,353.0,384.0,https://ppg.ly.gov.tw/ppg/download/communique1/work/111/114/LCIDC01_11111402_00004.doc,all,LCIDC01_11111402_00004
111,114.0,2.0,10,6,15.0,,4.0,3.0,1111201,社會福利及衛生環境委員會第15次會議繼續審查：一、行政院函請審議「身心障礙者權益保障法部分條文修正草案」案；二、委員趙正宇等17人擬具「身心障礙者權益保障法第五十三條之一及第九十九條條文修正草案」案；三、委員莊競程等19人擬具「身心障礙者權益保障法第六條條文修正草案」案；四、委員林楚茵等19人擬具「身心障礙者權益保障法第十條條文修正草案」案；五、台灣民眾黨黨團擬具「身心障礙者權益保障法第六十二條及第六十三條條文修正草案」案；六、委員謝衣鳯等16人擬具「身心障礙者權益保障法第六十二條及第六十三條條文修正草案」案；七、委員蔡適應等29人擬具「身心障礙者權益保障法第七十一條條文修正草案」案；八、委員吳玉琴等16人擬具「身心障礙者權益保障法部分條文修正草案」案；九、委員高嘉瑜等23人擬具「身心障礙者權益保障法第七十七條條文修正草案」案；十、委員范雲等16人擬具「身心障礙者權益保障法第十條條文修正草案」案；十一、委員陳柏惟等19人擬具「身心障礙者權益保障法第七十一條條文修正草案」案；十二、委員趙正宇等21人擬具「身心障礙者權益保障法第五十二條之二及第五十二條之三條文修正草案」案；十三、委員蔡適應等21人擬具「身心障礙者權益保障法增訂第二十一條之一條文草案」案；十四、委員陳以信等20人擬具「身心障礙者權益保障法第五十二條及第六十一條條文修正草案」案；十五、委員吳玉琴等22人擬具「身心障礙者權益保障法第六十三條之一、第九十條及第九十二條條文修正草案」案；十六、委員趙正宇等27人擬具「身心障礙者權益保障法第十條條文修正草案」案；十七、委員范雲等17人擬具「身心障礙者權益保障法第七十一條條文修正草案」案；十八、委員楊曜等17人擬具「身心障礙者權益保障法第三十八條條文修正草案」案；十九、委員楊曜等17人擬具「身心障礙者權益保障法第五十二條及第六十一條條文修正草案」案；二十、委員萬美玲等19人擬具「身心障礙者權益保障法第九十條及第九十二條條文修正草案」案；二十一、委員廖婉汝等19人擬具「身心障礙者權益保障法第六十三條之一及第九十條條文修正草案」案；二十二、委員賴品妤等16人擬具「身心障礙者權益保障法增訂第四十條之一條文草案」案；二十三、委員賴惠員等26人擬具「身心障礙者權益保障法增訂第四十條之一條文草案」案；二十四、委員余天等23人擬具「身心障礙者權益保障法第五十三條及第九十九條條文修正草案」案；二十五、委員黃國書等17人擬具「身心障礙者權益保障法第十條條文修正草案」案；二十六、委員張育美等16人擬具「身心障礙者權益保障法部分條文修正草案」案；二十七、委員謝衣鳯等16人擬具「身心障礙者權益保障法第十條條文修正草案」案；二十八、委員林宜瑾等21人擬具「身心障礙者權益保障法部分條文修正草案」案；二十九、委員楊瓊瓔等18人擬具「身心障礙者權益保障法部分條文修正草案」案；三十、委員陳明文等17人擬具「身心障礙者權益保障法第二條及第五十三條條文修正草案」案；三十一、委員馬文君等16人擬具「身心障礙者權益保障法第五十三條條文修正草案」案；三十二、委員林楚茵等17人擬具「身心障礙者權益保障法增訂第八十三條之一條文草案」案；三,385.0,436.0,https://ppg.ly.gov.tw/ppg/download/communique1/work/111/114/LCIDC01_11111402_00005.doc,all,LCIDC01_11111402_00005
111,12.0,1.0,10,4,25.0,,5.0,3.0,1101208,社會福利及衛生環境委員會第25次會議一、邀請勞動部、內政部移民署針對「Omicron變異病毒威脅下，如何精進外籍移工管理及強化其職安保障」進行專題報告，並備質詢；二、邀請勞動部、交通部、內政部警政署針對「如何降低外送員交通事故發生率，保障外送員及用路人安全」進行專題報告，並備質詢；三、邀請勞動部針對「夜間工作勞工職安保障問題」進行專題報告，並備質詢,249.0,316.0,https://ppg.ly.gov.tw/ppg/download/communique1/work/111/12/LCIDC01_1111201_00006.doc,all,LCIDC01_1111201_00006
111,17.0,1.0,10,4,26.0,,2.0,3.0,1101213,社會福利及衛生環境委員會第26次會議一、邀請衛生福利部部長、教育部就「特殊需求兒童之早期療育及長期照顧政策執行狀況及資源不足問題」進行專題報告，並備質詢；二、邀請衛生福利部部長、司法院、法務部、內政部警政署就「家庭暴力之通報、親密關係間未得同意散佈性私密影像等犯罪案件與日俱增及『家庭暴力防治法』施行檢討及精進作為」進行專題報告，並備質詢；三、邀請衛生福利部部長、中央研究院就「中央研究院P3研究室實驗人員確診新冠肺炎感染途徑及後續防疫因應作為」進行專題報告，並備質詢,213.0,292.0,https://ppg.ly.gov.tw/ppg/download/communique1/work/111/17/LCIDC01_1111701_00003.doc,all,LCIDC01_1111701_00003
111,17.0,1.0,10,4,,,4.0,3.0,1101216,社會福利及衛生環境委員會會議舉行「現行疫苗接種受害救濟制度如何因應COVID─19疫苗之不良反應案件數劇增」公聽會,399.0,430.0,https://ppg.ly.gov.tw/ppg/download/communique1/work/111/17/LCIDC01_1111701_00005.doc,all,LCIDC01_1111701_00005
111,18.0,1.0,10,4,27.0,,3.0,3.0,1101215,社會福利及衛生環境委員會第27次會議審查：一、時代力量黨團擬具「傳染病防治法第六十二條條文修正草案」案；二、委員蘇巧慧等28人擬具「傳染病防治法部分條文修正草案」案；三、委員郭國文等17人擬具「傳染病防治法第六十三條條文修正草案」案；四、委員郭國文等17人擬具「傳染病防治法第六十九條條文修正草案」案；五、委員郭國文等17人擬具「傳染病防治法第六十七條條文修正草案」案；六、委員溫玉霞等16人擬具「傳染病防治法第四十八條條文修正草案」案；七、委員溫玉霞等16人擬具「傳染病防治法第六十四條之一、第六十七條及第六十九條條文修正草案」案；八、委員趙天麟等23人擬具「傳染病防治法第六十二條條文修正草案」案；九、委員林俊憲等17人擬具「傳染病防治法第六十二條條文修正草案」案；十、委員魯明哲等19人擬具「傳染病防治法第六十七條及第六十九條條文修正草案」案；十一、委員王定宇等18人擬具「傳染病防治法第六十二條及第六十九條條文修正草案」案；十二、委員莊競程等21人擬具「傳染病防治法第四十八條條文修正草案」案；十三、委員廖國棟等20人擬具「傳染病防治法部分條文修正草案」案；十四、委員陳以信等26人擬具「傳染病防治法第六條條文修正草案」案；十五、委員吳斯懷等18人擬具「傳染病防治法第六條條文修正草案」案；十六、委員邱議瑩等24人擬具「傳染病防治法第六十七條條文修正草案」案；十七、委員蔣萬安等16人擬具「傳染病防治法第三十一條及第六十九條條文修正草案」案；十八、委員管碧玲等17人擬具「傳染病防治法增訂第三十七條之一條文草案」案；十九、委員賴瑞隆等16人擬具「傳染病防治法第六十四條之一及第六十七條條文修正草案」案；二十、委員邱泰源等24人擬具「傳染病防治法第二十九條條文修正草案」案,205.0,264.0,https://ppg.ly.gov.tw/ppg/download/communique1/work/111/18/LCIDC01_1111801_00004.doc,all,LCIDC01_1111801_00004
111,20.0,1.0,10,4,,,6.0,3.0,1101220,社會福利及衛生環境委員會會議舉行「長照2.0總體檢暨長期照顧服務法修法」公聽會,253.0,292.0,https://ppg.ly.gov.tw/ppg/download/communique1/work/111/20/LCIDC01_1112001_00007.doc,all,LCIDC01_1112001_00007
111,22.0,1.0,10,4,28.0,,2.0,3.0,1101222,社會福利及衛生環境委員會第28次會議一、繼續處理中華民國110年度中央政府總預算有關衛生福利部主管預算（公務預算）解凍案5案；二、邀請衛生福利部、教育部、經濟部、內政部營建署針對「兒童遊戲場設施安全管理規範新規定執行狀況及國家標準制訂、檢驗相關問題」進行專題報告，並備質詢,77.0,144.0,https://ppg.ly.gov.tw/ppg/download/communique1/work/111/22/LCIDC01_1112201_00003.doc,all,LCIDC01_1112201_00003
111,26.0,2.0,10,4,29.0,,1.0,3.0,1101227,社會福利及衛生環境委員會第29次會議一、繼續審查中華民國111年度中央政府總預算關於行政院環境保護署主管預算（公務及基金預算）案（預算處理）；二、繼續審查中華民國111年度中央政府總預算關於勞動部主管預算（公務及基金預算）案（預算處理）（110年12月27日、110年12月29日為一次會）,1.0,568.0,https://ppg.ly.gov.tw/ppg/download/communique1/work/111/26/LCIDC01_1112602_00002.doc,all,LCIDC01_1112602_00002
111,26.0,2.0,10,4,29.0,,1.0,3.0,1101227,社會福利及衛生環境委員會第29次會議一、繼續審查中華民國111年度中央政府總預算關於行政院環境保護署主管預算（公務及基金預算）案（預算處理）；二、繼續審查中華民國111年度中央政府總預算關於勞動部主管預算（公務及基金預算）案（預算處理）（110年12月27日、110年12月29日為一次會）,1.0,568.0,https://ppg.ly.gov.tw/ppg/download/communique1/work/111/26/LCIDC01_1112602_00003.doc,all,LCIDC01_1112602_00003
111,26.0,2.0,10,4,29.0,,1.0,3.0,1101227,社會福利及衛生環境委員會第29次會議一、繼續審查中華民國111年度中央政府總預算關於行政院環境保護署主管預算（公務及基金預算）案（預算處理）；二、繼續審查中華民國111年度中央政府總預算關於勞動部主管預算（公務及基金預算）案（預算處理）（110年12月27日、110年12月29日為一次會）,1.0,568.0,https://ppg.ly.gov.tw/ppg/download/communique1/work/111/26/LCIDC01_1112602_00004.doc,all,LCIDC01_1112602_00004
111,26.0,3.0,10,4,29.0,,1.0,3.0,1101227,社會福利及衛生環境委員會第29次會議一、繼續審查中華民國111年度中央政府總預算關於行政院環境保護署主管預算（公務及基金預算）案（預算處理）；二、繼續審查中華民國111年度中央政府總預算關於勞動部主管預算（公務及基金預算）案（預算處理）（110年12月27日、110年12月29日為一次會）,1.0,318.0,https://ppg.ly.gov.tw/ppg/download/communique1/work/111/26/LCIDC01_1112603_00002.doc,all,LCIDC01_1112603_00002
111,26.0,3.0,10,4,29.0,,2.0,3.0,1101229,社會福利及衛生環境委員會第29次會議一、繼續審查中華民國111年度中央政府總預算關於行政院環境保護署主管預算（公務及基金預算）案（預算處理）；二、繼續審查中華民國111年度中央政府總預算關於勞動部主管預算（公務及基金預算）案（預算處理）（110年12月27日、110年12月29日為一次會）,319.0,476.0,https://ppg.ly.gov.tw/ppg/download/communique1/work/111/26/LCIDC01_1112603_00003.doc,all,LCIDC01_1112603_00003
111,37.0,1.0,10,5,2.0,,10.0,3.0,1110309,社會福利及衛生環境委員會第2次會議一、繼續審查(一)委員賴惠員等18人擬具「精神衛生法部分條文修正草案」案、(二)委員王婉諭等17人擬具「精神衛生法修正草案」案、(三)委員蔣萬安等17人擬具「精神衛生法修正草案」案、二、審查行政院函請審議「精神衛生法修正草案」案,281.0,442.0,https://ppg.ly.gov.tw/ppg/download/communique1/work/111/37/LCIDC01_1113701_00010.doc,all,LCIDC01_1113701_00010
111,40.0,1.0,10,5,3.0,,4.0,3.0,1110314,社會福利及衛生環境委員會第3次會議邀請行政院環境保護署署長列席報告業務概況，並備質詢,183.0,250.0,https://ppg.ly.gov.tw/ppg/download/communique1/work/111/40/LCIDC01_1114001_00005.doc,all,LCIDC01_1114001_00005
111,41.0,1.0,10,5,,,4.0,3.0,1110321,社會福利及衛生環境委員會會議舉行「精神衛生法」修法公聽會,125.0,156.0,https://ppg.ly.gov.tw/ppg/download/communique1/work/111/41/LCIDC01_1114101_00005.doc,all,LCIDC01_1114101_00005
111,44.0,1.0,10,5,4.0,,2.0,3.0,1110317,社會福利及衛生環境委員會第4次會議邀請勞動部部長列席報告業務概況，並備質詢,129.0,184.0,https://ppg.ly.gov.tw/ppg/download/communique1/work/111/44/LCIDC01_1114401_00003.doc,all,LCIDC01_1114401_00003
111,45.0,1.0,10,5,,,6.0,3.0,1110324,社會福利及衛生環境委員會會議舉行「精神衛生法」修法公聽會,287.0,386.0,https://ppg.ly.gov.tw/ppg/download/communique1/work/111/45/LCIDC01_1114501_00007.doc,all,LCIDC01_1114501_00007
111,47.0,1.0,10,5,5.0,,1.0,3.0,1110323,社會福利及衛生環境委員會第5次會議一、繼續審查：(一)委員賴品妤等18人擬具「菸害防制法第十三條及第十七條條文修正草案」案、(二)委員洪孟楷等19人擬具「菸害防制法第三條條文修正草案」案、(三)委員蔡易餘等17人擬具「菸害防制法第二條及第十四條條文修正草案」案；二、審查：(一)行政院函請審議「菸害防制法修正草案」案、(二)民眾黨黨團擬具「菸害防制法第二十九條條文修正草案」案、(三)委員呂玉玲等19人擬具「菸害防制法修正草案」案、(四)委員楊曜等17人擬具「菸害防制法第十三條條文修正草案」案、(五)委員賴惠員等24人擬具「菸害防制法第二條、第十三條及第十四條條文修正草案」案、(六)委員魯明哲等21人擬具「菸害防制法第三條條文修正草案」案、(七)委員林宜瑾等19人擬具「菸害防制法部分條文修正草案」案、(八)委員蘇治芬等17人擬具「菸害防制法部分條文修正草案」案、(九)委員許淑華等16人擬具「菸害防制法第十一條條文修正草案」案、(十)民眾黨黨團擬具「菸害防制法第二條、第四條及第四條之一條文修正草案」案、(十一)民眾黨黨團擬具「菸害防制法部分條文修正草案」案、(十二)民眾黨黨團擬具「菸害防制法部分條文修正草案」案,1.0,78.0,https://ppg.ly.gov.tw/ppg/download/communique1/work/111/47/LCIDC01_1114701_00002.doc,all,LCIDC01_1114701_00002
111,50.0,1.0,10,5,6.0,,1.0,3.0,1110328,社會福利及衛生環境委員會第6次會議邀請勞動部就「因應近期重大職業災害事件111年度勞動檢查規劃報告」進行專題報告，並備質詢,1.0,50.0,https://ppg.ly.gov.tw/ppg/download/communique1/work/111/50/LCIDC01_1115001_00002.doc,all,LCIDC01_1115001_00002
111,55.0,1.0,10,5,7.0,,4.0,3.0,1110407,社會福利及衛生環境委員會第7次會議邀請衛生福利部、勞動部、教育部、內政部就「因應COVID─19疫情多點爆發，社區、學校、職場防疫措施與因應作為及移工邊境管制、入境檢疫措施執行現況」進行專題報告，並備質詢,163.0,244.0,https://ppg.ly.gov.tw/ppg/download/communique1/work/111/55/LCIDC01_1115501_00005.doc,all,LCIDC01_1115501_00005
111,56.0,1.0,10,5,,,5.0,3.0,1110414,社會福利及衛生環境委員會會議舉行「菸害防制法修正草案」公聽會,247.0,366.0,https://ppg.ly.gov.tw/ppg/download/communique1/work/111/56/LCIDC01_1115601_00006.doc,all,LCIDC01_1115601_00006
111,58.0,1.0,10,5,8.0,,2.0,3.0,1110413,社會福利及衛生環境委員會第8次會議處理中華民國111年度中央政府總預算有關衛生福利部主管預算（公務預算）解凍案128案,67.0,140.0,https://ppg.ly.gov.tw/ppg/download/communique1/work/111/58/LCIDC01_1115801_00003.doc,all,LCIDC01_1115801_00003
111,62.0,1.0,10,5,9.0,,1.0,3.0,1110418,社會福利及衛生環境委員會第9次會議一、邀請衛生福利部、內政部、外交部、勞動部就「因應COVID─19疫情升溫，邊境管制、入境檢疫措施調整情形、醫療體系如何兼顧民眾之醫療照顧，以及雇主如何兼顧勞工基本權益」進行專題報告，並備質詢；二、邀請衛生福利部、國防部就「快篩國家隊整備情形」進行專題報告，並備質詢；三、邀請衛生福利部、教育部就因應COVID─19疫情升溫，校園防疫作為及停課標準調整情形」進行專題報告，並備質詢；四、審查委員林為洲等16人擬具「食品安全衛生管理法第十五條條文修正草案」案,1.0,88.0,https://ppg.ly.gov.tw/ppg/download/communique1/work/111/62/LCIDC01_1116201_00002.doc,all,LCIDC01_1116201_00002
111,63.0,2.0,10,5,10.0,,1.0,3.0,1110420,社會福利及衛生環境委員會第10次會議一、繼續審查(一)行政院函請審議「精神衛生法修正草案」案、(二)委員王婉諭等17人擬具「精神衛生法修正草案」案、(三)委員蔣萬安等17人擬具「精神衛生法修正草案」案、(四)委員林為洲等17人擬具「精神衛生法修正草案」案、(五)委員邱泰源等23人擬具「精神衛生法修正草案」案、(六)委員楊瓊瓔等20人擬具「精神衛生法修正草案」案、(七)委員莊競程等18人擬具「精神衛生法修正草案」案、(八)台灣民眾黨黨團擬具「精神衛生法修正草案」案、(九)委員賴惠員等18人擬具「精神衛生法部分條文修正草案」案、(十)委員吳玉琴等20人擬具「精神衛生法部分條文修正草案」案、(十一)委員葉毓蘭等20人擬具「精神衛生法部分條文修正草案」案、(十二)委員謝衣鳯等17人擬具「精神衛生法第十三條及第十四條條文修正草案」案、(十三)委員許淑華等16人擬具「精神衛生法第十八條條文修正草案」案；二、繼續審查(一)行政院函請審議「菸害防制法修正草案」案、(二)委員呂玉玲等19人擬具「菸害防制法修正草案」案、(三)委員楊瓊瓔等20人擬具「菸害防制法修正草案」案、(四)委員林宜瑾等19人擬具「菸害防制法部分條文修正草案」案、(五)委員蘇治芬等17人擬具「菸害防制法部分條文修正草案」案、(六)台灣民眾黨黨團擬具「菸害防制法部分條文修正草案」案、(七)台灣民眾黨黨團擬具「菸害防制法部分條文修正草案」案、(八)委員蔡易餘等19人擬具「菸害防制法部分條文修正草案」案、(九)委員陳秀寳等19人擬具「菸害防制法部分條文修正草案」案、(十)委員羅美玲等16人擬具「菸害防制法部分條文修正草案」案、(十一)委員萬美玲等17人擬具「菸害防制法部分條文修正草案」案、(十二)委員陳明文等17人擬具「菸害防制法部分條文修正草案」案、(十三)委員蔡易餘等17人擬具「菸害防制法第二條及第十四條條文修正草案」案、(十四)委員賴惠員等24人擬具「菸害防制法第二條、第十三條及第十四條條文修正草案」案、(十五)台灣民眾黨黨團擬具「菸害防制法第二條、第四條及第四條之一條文修正草案」案、(十六)委員洪孟楷等19人擬具「菸害防制法第三條條文修正草案」案、(十七)委員魯明哲等21人擬具「菸害防制法第三條條文修正草案」案、(十八)委員呂玉玲等16人擬具「菸害防制法第七條之一及第二十四條條文修正草案」案、(十九)委員許淑華等16人擬具「菸害防制法第十一條條文修正草案」案、(二十)委員賴品妤等18人擬具「菸害防制法第十三條及第十七條條文修正草案」案、(二十一)委員楊曜等17人擬具「菸害防制法第十三條條文修正草案」案、(二十二)委員羅致政等19人擬具「菸害防制法第十七條及第三十一條條文修正草案」案、(二十三)台灣民眾黨黨團擬具「菸害防制法第二十九條條文修正草案」案（111年4月20日、111年4月21日為一次會）,1.0,412.0,https://ppg.ly.gov.tw/ppg/download/communique1/work/111/63/LCIDC01_1116302_00002.doc,all,LCIDC01_1116302_00002
111,63.0,2.0,10,5,10.0,,2.0,3.0,1110421,社會福利及衛生環境委員會第10次會議一、繼續審查：(一)行政院函請審議「精神衛生法修正草案」案、(二)委員王婉諭等17人擬具「精神衛生法修正草案」案、(三)委員蔣萬安等17人擬具「精神衛生法修正草案」案、(四)委員林為洲等17人擬具「精神衛生法修正草案」案、(五)委員邱泰源等23人擬具「精神衛生法修正草案」案、(六)委員楊瓊瓔等20人擬具「精神衛生法修正草案」案、(七)委員莊競程等18人擬具「精神衛生法修正草案」案、(八)台灣民眾黨黨團擬具「精神衛生法修正草案」案、(九)委員賴惠員等18人擬具「精神衛生法部分條文修正草案」案、(十)委員吳玉琴等20人擬具「精神衛生法部分條文修正草案」案、(十一)委員葉毓蘭等20人擬具「精神衛生法部分條文修正草案」案、(十二)委員謝衣鳯等17人擬具「精神衛生法第十三條及第十四條條文修正草案」案、(十三)委員許淑華等16人擬具「精神衛生法第十八條條文修正草案」案；二、繼續審查：(一)行政院函請審議「菸害防制法修正草案」案、(二)委員呂玉玲等19人擬具「菸害防制法修正草案」案、(三)委員楊瓊瓔等20人擬具「菸害防制法修正草案」案、(四)委員林宜瑾等19人擬具「菸害防制法部分條文修正草案」案、(五)委員蘇治芬等17人擬具「菸害防制法部分條文修正草案」案、(六)台灣民眾黨黨團擬具「菸害防制法部分條文修正草案」案、(七)台灣民眾黨黨團擬具「菸害防制法部分條文修正草案」案、(八)委員蔡易餘等19人擬具「菸害防制法部分條文修正草案」案、(九)委員陳秀寳等19人擬具「菸害防制法部分條文修正草案」案、(十)委員羅美玲等16人擬具「菸害防制法部分條文修正草案」案、(十一)委員萬美玲等17人擬具「菸害防制法部分條文修正草案」案、(十二)委員陳明文等17人擬具「菸害防制法部分條文修正草案」案、(十三)委員蔡易餘等17人擬具「菸害防制法第二條及第十四條條文修正草案」案、(十四)委員賴惠員等24人擬具「菸害防制法第二條、第十三條及第十四條條文修正草案」案、(十五)台灣民眾黨黨團擬具「菸害防制法第二條、第四條及第四條之一條文修正草案」案、(十六)委員洪孟楷等19人擬具「菸害防制法第三條條文修正草案」案、(十七)委員魯明哲等21人擬具「菸害防制法第三條條文修正草案」案、(十八)委員呂玉玲等16人擬具「菸害防制法第七條之一及第二十四條條文修正草案」案、(十九)委員許淑華等16人擬具「菸害防制法第十一條條文修正草案」案、(二十)委員賴品妤等18人擬具「菸害防制法第十三條及第十七條條文修正草案」案、(二十一)委員楊曜等17人擬具「菸害防制法第十三條條文修正草案」案、(二十二)委員羅致政等19人擬具「菸害防制法第十七條及第三十一條條文修正草案」案、(二十三)台灣民眾黨黨團擬具「菸害防制法第二十九條條文修正草案」案（111年4月20日、111年4月21日為一次會）,413.0,494.0,https://ppg.ly.gov.tw/ppg/download/communique1/work/111/63/LCIDC01_1116302_00003.doc,all,LCIDC01_1116302_00003
111,65.0,1.0,10,5,,,3.0,3.0,1110428,社會福利及衛生環境委員會會議舉行「氣候變遷因應法」公聽會,427.0,560.0,https://ppg.ly.gov.tw/ppg/download/communique1/work/111/65/LCIDC01_1116501_00004.doc,all,LCIDC01_1116501_00004
111,68.0,1.0,10,5,,,4.0,3.0,1110505,社會福利及衛生環境委員會舉行「原住民族健康法」立法公聽會,207.0,246.0,https://ppg.ly.gov.tw/ppg/download/communique1/work/111/68/LCIDC01_1116801_00005.doc,all,LCIDC01_1116801_00005
111,68.0,1.0,10,5,11.0,,7.0,3.0,1110425,社會福利及衛生環境委員會第11次會議處理中華民國111年度中央政府總預算有關勞動部主管預算（公務預算）解凍案43案（111年4月25日、111年4月27日為一次會）,337.0,412.0,https://ppg.ly.gov.tw/ppg/download/communique1/work/111/68/LCIDC01_1116801_00008.doc,all,LCIDC01_1116801_00008
111,68.0,1.0,10,5,11.0,,8.0,3.0,1110427,社會福利及衛生環境委員會第11次會議處理中華民國111年度中央政府總預算有關行政院環境保護署主管預算（公務預算）解凍案68案（111年4月25日、111年4月27日為一次會）,413.0,466.0,https://ppg.ly.gov.tw/ppg/download/communique1/work/111/68/LCIDC01_1116801_00009.doc,all,LCIDC01_1116801_00009
111,70.0,1.0,10,5,12.0,,7.0,3.0,1110502,社會福利及衛生環境委員會第12次會議繼續審查一、行政院函請審議「精神衛生法修正草案」案；二、委員王婉諭等17人擬具「精神衛生法修正草案」案；三、委員蔣萬安等17人擬具「精神衛生法修正草案」案；四、委員林為洲等17人擬具「精神衛生法修正草案」案；五、委員邱泰源等23人擬具「精神衛生法修正草案」案；六、委員楊瓊瓔等20人擬具「精神衛生法修正草案」案；七、委員莊競程等18人擬具「精神衛生法修正草案」案；八、委員張育美等16人擬具「精神衛生法修正草案」案；九、委員蘇巧慧等22人擬具「精神衛生法修正草案」案；十、台灣民眾黨黨團擬具「精神衛生法修正草案」案；十一、委員賴惠員等18人擬具「精神衛生法部分條文修正草案」案；十二、委員吳玉琴等20人擬具「精神衛生法部分條文修正草案」案；十三、委員葉毓蘭等20人擬具「精神衛生法部分條文修正草案」案；十四、委員林奕華等24人擬具「精神衛生法部分條文修正草案」案；十五、委員謝衣鳯等17人擬具「精神衛生法第十三條及第十四條條文修正草案」案；十六、委員許淑華等16人擬具「精神衛生法第十八條條文修正草案」案,325.0,514.0,https://ppg.ly.gov.tw/ppg/download/communique1/work/111/70/LCIDC01_1117001_00008.doc,all,LCIDC01_1117001_00008
111,72.0,1.0,10,5,13.0,,5.0,3.0,1110504,社會福利及衛生環境委員會第13次會議一、邀請衛生福利部、教育部就「如何逐步降低菸品燃燒後所產生煙霧的有害物質排放濃度，以維護國人健康，暨校園菸害防制實施計畫執行情形」進行專題報告，並備質詢；二、繼續審查(一)行政院函請審議「精神衛生法修正草案」案、(二)委員王婉諭等17人擬具「精神衛生法修正草案」案、(三)委員蔣萬安等17人擬具「精神衛生法修正草案」案、(四)委員林為洲等17人擬具「精神衛生法修正草案」案、(五)委員邱泰源等23人擬具「精神衛生法修正草案」案、(六)委員楊瓊瓔等20人擬具「精神衛生法修正草案」案、(七)委員莊競程等18人擬具「精神衛生法修正草案」案、(八)委員張育美等16人擬具「精神衛生法修正草案」案、(九)委員蘇巧慧等22人擬具「精神衛生法修正草案」案、(十)台灣民眾黨黨團擬具「精神衛生法修正草案」案、(十一)委員賴惠員等18人擬具「精神衛生法部分條文修正草案」案、(十二)委員吳玉琴等20人擬具「精神衛生法部分條文修正草案」案、(十三)委員葉毓蘭等20人擬具「精神衛生法部分條文修正草案」案、(十四)委員林奕華等24人擬具「精神衛生法部分條文修正草案」案、(十五)委員謝衣鳯等17人擬具「精神衛生法第十三條及第十四條條文修正草案」案、(十六)委員許淑華等16人擬具「精神衛生法第十八條條文修正草案」案；三、繼續審查(一)行政院函請審議「菸害防制法修正草案」案、(二)委員呂玉玲等19人擬具「菸害防制法修正草案」案、(三)委員楊瓊瓔等20人擬具「菸害防制法修正草案」案、(四)委員林奕華等16人擬具「菸害防制法修正草案」案、(五)委員林宜瑾等19人擬具「菸害防制法部分條文修正草案」案、(六)委員蘇治芬等17人擬具「菸害防制法部分條文修正草案」案、(七)台灣民眾黨黨團擬具「菸害防制法部分條文修正草案」案、(八)台灣民眾黨黨團擬具「菸害防制法部分條文修正草案」案、(九)委員蔡易餘等19人擬具「菸害防制法部分條文修正草案」案、(十)委員陳秀寳等19人擬具「菸害防制法部分條文修正草案」案、(十一)委員羅美玲等16人擬具「菸害防制法部分條文修正草案」案、(十二)委員萬美玲等17人擬具「菸害防制法部分條文修正草案」案、(十三)委員陳明文等17人擬具「菸害防制法部分條文修正草案」案、(十四)委員林為洲等17人擬具「菸害防制法部分條文修正草案」案、(十五)委員蔡易餘等17人擬具「菸害防制法第二條及第十四條條文修正草案」案、(十六)委員賴惠員等24人擬具「菸害防制法第二條、第十三條及第十四條條文修正草案」案、(十七)台灣民眾黨黨團擬具「菸害防制法第二條、第四條及第四條之一條文修正草案」案、(十八)委員洪孟楷等19人擬具「菸害防制法第三條條文修正草案」案、(十九)委員魯明哲等21人擬具「菸害防制法第三條條文修正草案」案、(二十)委員呂玉玲等16人擬具「菸害防制法第七條之一及第二十四條條文修正草案」案、(二十一)委員許淑華等16人擬具「菸害防制法第十一條條文修正草案」案、(二十二)委員賴品妤等18人擬具「菸害防制法第十三條及第十七條條文修正草案」案、(二十三)委員楊曜等,241.0,422.0,https://ppg.ly.gov.tw/ppg/download/communique1/work/111/72/LCIDC01_1117201_00006.doc,all,LCIDC01_1117201_00006
111,73.0,3.0,10,5,14.0,,2.0,3.0,1110505,社會福利及衛生環境委員會第14次會議一、邀請衛生福利部、國防部、國軍退除役官兵輔導委員會就「因應COVID─19疫情持續擴大，我國醫療機構、人員、藥品、醫療器材整備情形」進行專題報告，並備質詢；二、邀請衛生福利部、教育部、內政部就「確診者及被匡列者居家照護之相關生活、關懷協助措施因應作為」、「臺灣社交距離app在疫情期間之作用及如何有效兼顧防疫、經濟及社會運作」進行專題報告，並備質詢；另邀請金融監督管理委員會、勞動部、行政院消費者保護處列席，並備質詢；三、邀請衛生福利部就「死亡黑數、國外快篩試劑採購原則、快篩試劑審核機制之檢討」進行專題報告，並備質詢；四、繼續審查委員林為洲等16人擬具「食品安全衛生管理法第十五條條文修正草案」案,67.0,166.0,https://ppg.ly.gov.tw/ppg/download/communique1/work/111/73/LCIDC01_1117303_00003.doc,all,LCIDC01_1117303_00003
111,76.0,1.0,10,5,15.0,,1.0,3.0,1110509,社會福利及衛生環境委員會第15次會議一、審查(一)行政院函請審議「醫師法部分條文修正草案」案、(二)台灣民眾黨黨團擬具「醫師法部分條文修正草案」案、(三)委員林靜儀等17人擬具「醫師法部分條文修正草案」案、(四)委員邱泰源等24人擬具「醫師法部分條文修正草案」案、(五)委員林為洲等16人擬具「醫師法第二十八條條文修正草案」案；二、審查(一)行政院函請審議「醫療事故預防及爭議處理法草案」案、(二)委員吳玉琴等18人擬具「醫療事故預防及醫療爭議處理法草案」案、(三)委員邱泰源等24人擬具「醫療事件與爭議預防及處理法草案」案、(四)委員蘇巧慧等22人擬具「全民健康保險醫療事故處理及補償條例草案」案,1.0,112.0,https://ppg.ly.gov.tw/ppg/download/communique1/work/111/76/LCIDC01_1117601_00002.doc,all,LCIDC01_1117601_00002
111,76.0,1.0,10,5,,,5.0,3.0,1110516,社會福利及衛生環境委員會會議舉行「日本核食解禁對國人健康的影響與危害」公聽會,299.0,324.0,https://ppg.ly.gov.tw/ppg/download/communique1/work/111/76/LCIDC01_1117601_00006.doc,all,LCIDC01_1117601_00006
111,82.0,1.0,10,5,16.0,,1.0,3.0,1110518,社會福利及衛生環境委員會第16次會議一、邀請衛生福利部部長列席報告業務概況，並備質詢；二、繼續審查委員林為洲等16人擬具「食品安全衛生管理法第十五條條文修正草案」案；三、審查(一)委員謝衣鳯等19人擬具「醫師法第十一條條文修正草案」案、(二)委員羅明才等17人擬具「醫師法第十一條條文修正草案」案、(三)委員吳怡玎等16人擬具「醫師法第十一條條文修正草案」案、(四)台灣民眾黨黨團擬具「醫師法第十一條條文修正草案」案、(五)委員徐志榮等17人擬具「醫師法第十一條條文修正草案」案、(六)委員林為洲等18人擬具「醫師法第十一條條文修正草案」案；四、繼續審查(一)行政院函請審議「菸害防制法修正草案」案、(二)委員呂玉玲等19人擬具「菸害防制法修正草案」案、(三)委員楊瓊瓔等20人擬具「菸害防制法修正草案」案、(四)委員林奕華等16人擬具「菸害防制法修正草案」案、(五)委員林宜瑾等19人擬具「菸害防制法部分條文修正草案」案、(六)委員蘇治芬等17人擬具「菸害防制法部分條文修正草案」案、(七)台灣民眾黨黨團擬具「菸害防制法部分條文修正草案」案、(八)台灣民眾黨黨團擬具「菸害防制法部分條文修正草案」案、(九)委員蔡易餘等19人擬具「菸害防制法部分條文修正草案」案、(十)委員陳秀寳等19人擬具「菸害防制法部分條文修正草案」案、(十一)委員羅美玲等16人擬具「菸害防制法部分條文修正草案」案、(十二)委員萬美玲等17人擬具「菸害防制法部分條文修正草案」案、(十三)委員陳明文等17人擬具「菸害防制法部分條文修正草案」案、(十四)委員林為洲等17人擬具「菸害防制法部分條文修正草案」案、(十五)委員蔡易餘等17人擬具「菸害防制法第二條及第十四條條文修正草案」案、(十六)委員賴惠員等24人擬具「菸害防制法第二條、第十三條及第十四條條文修正草案」案、(十七)台灣民眾黨黨團擬具「菸害防制法第二條、第四條及第四條之一條文修正草案」案、(十八)委員洪孟楷等19人擬具「菸害防制法第三條條文修正草案」案、(十九)委員魯明哲等21人擬具「菸害防制法第三條條文修正草案」案、(二十)委員呂玉玲等16人擬具「菸害防制法第七條之一及第二十四條條文修正草案」案、(二十一)委員許淑華等16人擬具「菸害防制法第十一條條文修正草案」案、(二十二)委員賴品妤等18人擬具「菸害防制法第十三條及第十七條條文修正草案」案、(二十三)委員楊曜等17人擬具「菸害防制法第十三條條文修正草案」案、(二十四)委員羅致政等19人擬具「菸害防制法第十七條及第三十一條條文修正草案」案、(二十五)台灣民眾黨黨團擬具「菸害防制法第二十九條條文修正草案」案；五、繼續審查(一)委員蔣萬安等16人擬具「傳染病防治法第三十一條及第六十九條條文修正草案」案、(二)委員郭國文等17人擬具「傳染病防治法第六十九條條文修正草案」案；六、審查(一)台灣民眾黨黨團擬具「物理治療師法第九條及第十二條條文修正草案」案、(二)委員吳玉琴等18人擬具「物理治療師法第九條及第十二條條文修正草案」案、(三)委員莊競程等21人擬具「物理治療師法第九條及第十二條條文修正草案」,1.0,252.0,https://ppg.ly.gov.tw/ppg/download/communique1/work/111/82/LCIDC01_1118201_00002.doc,all,LCIDC01_1118201_00002
111,83.0,1.0,10,5,17.0,,2.0,3.0,1110519,社會福利及衛生環境委員會第17次會議一、邀請勞動部就「因應COVID─19疫情蔓延，如何保障勞工勞動權益及如何具體防治職場霸凌」、「如何因應2028年後勞保年金破產危機」、「如何達成蔡英文總統所提基本工資三萬元之夢想」進行專題報告，並備質詢；二、審查(一)委員劉建國等18人擬具「工會法第四十五條條文修正草案」案、(二)委員林為洲等18人擬具「工會法第四十五條條文修正草案」案、(三)時代力量黨團擬具「工會法第四十五條條文修正草案」案、(四)時代力量黨團擬具「工會法增訂第四十六條之一條文草案」案；三、審查(一)時代力量黨團擬具「最低工資法草案」案、(二)委員江永昌等17人擬具「最低工資法草案」案、(三)委員徐志榮等25人擬具「最低工資法草案」案、(四)台灣民眾黨黨團擬具「最低工資法草案」案、(五)委員范雲等17人擬具「最低工資法草案」案、(六)委員蔣萬安等18人擬具「最低工資法草案」案、(七)委員吳玉琴等18人擬具「最低工資法草案」案、(八)委員林為洲等16人擬具「最低工資法草案」案,67.0,176.0,https://ppg.ly.gov.tw/ppg/download/communique1/work/111/83/LCIDC01_1118301_00003.doc,all,LCIDC01_1118301_00003
111,85.0,3.0,10,5,18.0,,2.0,3.0,1110523,社會福利及衛生環境委員會第18次會議一、繼續審查(一)行政院函請審議「菸害防制法修正草案」案、(二)委員呂玉玲等19人擬具「菸害防制法修正草案」案、(三)委員楊瓊瓔等20人擬具「菸害防制法修正草案」案、(四)委員林奕華等16人擬具「菸害防制法修正草案」案、(五)委員林宜瑾等19人擬具「菸害防制法部分條文修正草案」案、(六)委員蘇治芬等17人擬具「菸害防制法部分條文修正草案」案、(七)台灣民眾黨黨團擬具「菸害防制法部分條文修正草案」案、(八)台灣民眾黨黨團擬具「菸害防制法部分條文修正草案」案、(九)委員蔡易餘等19人擬具「菸害防制法部分條文修正草案」案、(十)委員陳秀寳等19人擬具「菸害防制法部分條文修正草案」案、(十一)委員羅美玲等16人擬具「菸害防制法部分條文修正草案」案、(十二)委員萬美玲等17人擬具「菸害防制法部分條文修正草案」案、(十三)委員陳明文等17人擬具「菸害防制法部分條文修正草案」案、(十四)委員林為洲等17人擬具「菸害防制法部分條文修正草案」案、(十五)委員蔡易餘等17人擬具「菸害防制法第二條及第十四條條文修正草案」案、(十六)委員賴惠員等24人擬具「菸害防制法第二條、第十三條及第十四條條文修正草案」案、(十七)台灣民眾黨黨團擬具「菸害防制法第二條、第四條及第四條之一條文修正草案」案、(十八)委員洪孟楷等19人擬具「菸害防制法第三條條文修正草案」案、(十九)委員魯明哲等21人擬具「菸害防制法第三條條文修正草案」案、(二十)委員呂玉玲等16人擬具「菸害防制法第七條之一及第二十四條條文修正草案」案、(二十一)委員許淑華等16人擬具「菸害防制法第十一條條文修正草案」案、(二十二)委員賴品妤等18人擬具「菸害防制法第十三條及第十七條條文修正草案」案、(二十三)委員楊曜等17人擬具「菸害防制法第十三條條文修正草案」案、(二十四)委員羅致政等19人擬具「菸害防制法第十七條及第三十一條條文修正草案」案、(二十五)台灣民眾黨黨團擬具「菸害防制法第二十九條條文修正草案」案；二、繼續審查(一)行政院函請審議「醫療事故預防及爭議處理法草案」案、(二)委員吳玉琴等18人擬具「醫療事故預防及醫療爭議處理法草案」案、(三)委員邱泰源等24人擬具「醫療事件與爭議預防及處理法草案」案、(四)委員蘇巧慧等22人擬具「全民健康保險醫療事故處理及補償條例草案」案；三、繼續審查(一)台灣民眾黨黨團擬具「物理治療師法第九條及第十二條條文修正草案」案、(二)委員吳玉琴等18人擬具「物理治療師法第九條及第十二條條文修正草案」案、(三)委員莊競程等21人擬具「物理治療師法第九條及第十二條條文修正草案」案、(四)時代力量黨團擬具「物理治療師法第九條及第十二條條文修正草案」案、(五)委員林為洲等17人擬具「物理治療師法第九條、第十二條及第十九條條文修正草案」案、(六)委員林奕華等16人擬具「物理治療師法第十二條及第十二條之一條文修正草案」案（111年5月23日、111年5月25日、111年5月26日為一次會）,31.0,96.0,https://ppg.ly.gov.tw/ppg/download/communique1/work/111/85/LCIDC01_1118503_00003.doc,all,LCIDC01_1118503_00003
111,85.0,3.0,10,5,18.0,,3.0,3.0,1110525,社會福利及衛生環境委員會第18次會議一、繼續審查(一)行政院函請審議「菸害防制法修正草案」案、(二)委員呂玉玲等19人擬具「菸害防制法修正草案」案、(三)委員楊瓊瓔等20人擬具「菸害防制法修正草案」案、(四)委員林奕華等16人擬具「菸害防制法修正草案」案、(五)委員林宜瑾等19人擬具「菸害防制法部分條文修正草案」案、(六)委員蘇治芬等17人擬具「菸害防制法部分條文修正草案」案、(七)台灣民眾黨黨團擬具「菸害防制法部分條文修正草案」案、(八)台灣民眾黨黨團擬具「菸害防制法部分條文修正草案」案、(九)委員蔡易餘等19人擬具「菸害防制法部分條文修正草案」案、(十)委員陳秀寳等19人擬具「菸害防制法部分條文修正草案」案、(十一)委員羅美玲等16人擬具「菸害防制法部分條文修正草案」案、(十二)委員萬美玲等17人擬具「菸害防制法部分條文修正草案」案、(十三)委員陳明文等17人擬具「菸害防制法部分條文修正草案」案、(十四)委員林為洲等17人擬具「菸害防制法部分條文修正草案」案、(十五)委員蔡易餘等17人擬具「菸害防制法第二條及第十四條條文修正草案」案、(十六)委員賴惠員等24人擬具「菸害防制法第二條、第十三條及第十四條條文修正草案」案、(十七)台灣民眾黨黨團擬具「菸害防制法第二條、第四條及第四條之一條文修正草案」案、(十八)委員洪孟楷等19人擬具「菸害防制法第三條條文修正草案」案、(十九)委員魯明哲等21人擬具「菸害防制法第三條條文修正草案」案、(二十)委員呂玉玲等16人擬具「菸害防制法第七條之一及第二十四條條文修正草案」案、(二十一)委員許淑華等16人擬具「菸害防制法第十一條條文修正草案」案、(二十二)委員賴品妤等18人擬具「菸害防制法第十三條及第十七條條文修正草案」案、(二十三)委員楊曜等17人擬具「菸害防制法第十三條條文修正草案」案、(二十四)委員羅致政等19人擬具「菸害防制法第十七條及第三十一條條文修正草案」案、(二十五)台灣民眾黨黨團擬具「菸害防制法第二十九條條文修正草案」案；二、繼續審查(一)行政院函請審議「醫療事故預防及爭議處理法草案」案、(二)委員吳玉琴等18人擬具「醫療事故預防及醫療爭議處理法草案」案、(三)委員邱泰源等24人擬具「醫療事件與爭議預防及處理法草案」案、(四)委員蘇巧慧等22人擬具「全民健康保險醫療事故處理及補償條例草案」案；三、繼續審查(一)台灣民眾黨黨團擬具「物理治療師法第九條及第十二條條文修正草案」案、(二)委員吳玉琴等18人擬具「物理治療師法第九條及第十二條條文修正草案」案、(三)委員莊競程等21人擬具「物理治療師法第九條及第十二條條文修正草案」案、(四)時代力量黨團擬具「物理治療師法第九條及第十二條條文修正草案」案、(五)委員林為洲等17人擬具「物理治療師法第九條、第十二條及第十九條條文修正草案」案、(六)委員林奕華等16人擬具「物理治療師法第十二條及第十二條之一條文修正草案」案（111年5月23日、111年5月25日、111年5月26日為一次會）,97.0,164.0,https://ppg.ly.gov.tw/ppg/download/communique1/work/111/85/LCIDC01_1118503_00004.doc,all,LCIDC01_1118503_00004
111,85.0,3.0,10,5,18.0,,4.0,3.0,1110526,社會福利及衛生環境委員會第18次會議一、繼續審查(一)行政院函請審議「菸害防制法修正草案」案、(二)委員呂玉玲等19人擬具「菸害防制法修正草案」案、(三)委員楊瓊瓔等20人擬具「菸害防制法修正草案」案、(四)委員林奕華等16人擬具「菸害防制法修正草案」案、(五)委員林宜瑾等19人擬具「菸害防制法部分條文修正草案」案、(六)委員蘇治芬等17人擬具「菸害防制法部分條文修正草案」案、(七)台灣民眾黨黨團擬具「菸害防制法部分條文修正草案」案、(八)台灣民眾黨黨團擬具「菸害防制法部分條文修正草案」案、(九)委員蔡易餘等19人擬具「菸害防制法部分條文修正草案」案、(十)委員陳秀寳等19人擬具「菸害防制法部分條文修正草案」案、(十一)委員羅美玲等16人擬具「菸害防制法部分條文修正草案」案、(十二)委員萬美玲等17人擬具「菸害防制法部分條文修正草案」案、(十三)委員陳明文等17人擬具「菸害防制法部分條文修正草案」案、(十四)委員林為洲等17人擬具「菸害防制法部分條文修正草案」案、(十五)委員蔡易餘等17人擬具「菸害防制法第二條及第十四條條文修正草案」案、(十六)委員賴惠員等24人擬具「菸害防制法第二條、第十三條及第十四條條文修正草案」案、(十七)台灣民眾黨黨團擬具「菸害防制法第二條、第四條及第四條之一條文修正草案」案、(十八)委員洪孟楷等19人擬具「菸害防制法第三條條文修正草案」案、(十九)委員魯明哲等21人擬具「菸害防制法第三條條文修正草案」案、(二十)委員呂玉玲等16人擬具「菸害防制法第七條之一及第二十四條條文修正草案」案、(二十一)委員許淑華等16人擬具「菸害防制法第十一條條文修正草案」案、(二十二)委員賴品妤等18人擬具「菸害防制法第十三條及第十七條條文修正草案」案、(二十三)委員楊曜等17人擬具「菸害防制法第十三條條文修正草案」案、(二十四)委員羅致政等19人擬具「菸害防制法第十七條及第三十一條條文修正草案」案、(二十五)台灣民眾黨黨團擬具「菸害防制法第二十九條條文修正草案」案；二、繼續審查(一)行政院函請審議「醫療事故預防及爭議處理法草案」案、(二)委員吳玉琴等18人擬具「醫療事故預防及醫療爭議處理法草案」案、(三)委員邱泰源等24人擬具「醫療事件與爭議預防及處理法草案」案、(四)委員蘇巧慧等22人擬具「全民健康保險醫療事故處理及補償條例草案」案；三、繼續審查(一)台灣民眾黨黨團擬具「物理治療師法第九條及第十二條條文修正草案」案、(二)委員吳玉琴等18人擬具「物理治療師法第九條及第十二條條文修正草案」案、(三)委員莊競程等21人擬具「物理治療師法第九條及第十二條條文修正草案」案、(四)時代力量黨團擬具「物理治療師法第九條及第十二條條文修正草案」案、(五)委員林為洲等17人擬具「物理治療師法第九條、第十二條及第十九條條文修正草案」案、(六)委員林奕華等16人擬具「物理治療師法第十二條及第十二條之一條文修正草案」案（111年5月23日、111年5月25日、111年5月26日為一次會）,165.0,190.0,https://ppg.ly.gov.tw/ppg/download/communique1/work/111/85/LCIDC01_1118503_00005.doc,all,LCIDC01_1118503_00005
111,87.0,1.0,10,6,1.0,,18.0,3.0,1110928,社會福利及衛生環境委員會第1次會議選舉第10屆第6會期本會召集委員,353.0,354.0,https://ppg.ly.gov.tw/ppg/download/communique1/work/111/87/LCIDC01_1118701_00012.doc,all,LCIDC01_1118701_00012
111,89.0,1.0,10,6,2.0,,15.0,3.0,1111005,社會福利及衛生環境委員會第2次會議一、邀請行政院環境保護署署長列席報告業務概況，並備質詢；二、審查中華民國112年度中央政府總預算案關於行政院環境保護署主管預算。（公務預算及基金）（僅詢答）,449.0,512.0,https://ppg.ly.gov.tw/ppg/download/communique1/work/111/89/LCIDC01_1118901_00014.doc,all,LCIDC01_1118901_00014
111,91.0,1.0,10,6,3.0,,8.0,3.0,1111012,社會福利及衛生環境委員會第3次會議一、邀請衛生福利部部長、經濟部、國家科學及技術委員會、數位發展部就「後疫情時代下醫療科技發展願景，及如何於基礎設備建置、病人數位落差與分級醫療落實等面向周延遠距醫療政策」進行專題報告，並備質詢；二、邀請衛生福利部部長就「疫情期間秋冬流感流行之防治因應作為（含社區監控、篩檢、診斷、給藥與醫療量能）與疫苗接種（含流感與COVID─19）規劃」進行專題報告，並備質詢,425.0,510.0,https://ppg.ly.gov.tw/ppg/download/communique1/work/111/91/LCIDC01_1119101_00009.doc,all,LCIDC01_1119101_00009
111,93.0,1.0,10,6,4.0,,3.0,3.0,1111017,社會福利及衛生環境委員會第4次會議一、邀請勞動部部長列席報告業務概況，並備質詢；二、審查中華民國112年度中央政府總預算案關於勞動部主管預算（公務預算及基金）；三、審查勞動部函送財團法人職業災害預防及重建中心111年度及112年度預算書案,157.0,216.0,https://ppg.ly.gov.tw/ppg/download/communique1/work/111/93/LCIDC01_1119301_00004.doc,all,LCIDC01_1119301_00004
111,94.0,2.0,10,6,5.0,,2.0,3.0,1111019,社會福利及衛生環境委員會第5次會議繼續審查中華民國112年度中央政府總預算案關於行政院環境保護署主管預算（公務預算及基金）,71.0,406.0,https://ppg.ly.gov.tw/ppg/download/communique1/work/111/94/LCIDC01_1119402_00003.doc,all,LCIDC01_1119402_00003
111,96.0,1.0,10,6,6.0,,6.0,3.0,1111024,社會福利及衛生環境委員會第6次會議邀請衛生福利部部長、外交部、內政部、行政院公共工程委員會、金融監督管理委員會就「我國疫苗緊急採購授權使用相關法制，及高端疫苗採購違失、股價異常波動調查進度、未來施打與屆期銷毀規劃、各國入境規定疫苗認可現況與我國配套因應措施、賠（補）償機制研議等總檢討」進行專題報告，並備質詢,291.0,450.0,https://ppg.ly.gov.tw/ppg/download/communique1/work/111/96/LCIDC01_1119601_00007.doc,all,LCIDC01_1119601_00007
111,98.0,1.0,10,6,7.0,,9.0,3.0,1111026,社會福利及衛生環境委員會第7次會議邀請行政院環境保護署署長、行政院國家永續發展委員會、行政院能源及減碳辦公室、國家發展委員會、行政院主計總處、財政部、金融監督管理委員會、經濟部及其國營事業委員會、交通部、行政院農業委員會就「我國淨零排放路徑（含2030年國家溫室氣體減量目標）、國家永續發展政策與相關經費具體規劃，如何因應全球氣候變遷與國際減碳目標，並務實兼顧國內企業穩健發展」進行專題報告，並備質詢,265.0,356.0,https://ppg.ly.gov.tw/ppg/download/communique1/work/111/98/LCIDC01_1119801_00009.doc,all,LCIDC01_1119801_00009
112,2.0,2.0,10,6,16.0,,1.0,3.0,1111207,社會福利及衛生環境委員會第16次會議繼續審查中華民國112年度中央政府總預算案關於衛生福利部主管預算（公務預算及基金）（後接第三冊）,1.0,516.0,https://ppg.ly.gov.tw/ppg/download/communique1/work/112/02/LCIDC01_1120202_00002.doc,all,LCIDC01_1120202_00002
112,2.0,3.0,10,6,16.0,,1.0,3.0,1111207,社會福利及衛生環境委員會第16次會議繼續審查中華民國112年度中央政府總預算案關於衛生福利部主管預算（公務預算及基金）（前接第二冊）,1.0,334.0,https://ppg.ly.gov.tw/ppg/download/communique1/work/112/02/LCIDC01_1120203_00002.doc,all,LCIDC01_1120203_00002
112,7.0,52.0,10,7,12.0,,7.0,3.0,1120510,社會福利及衛生環境委員會第12次會議一、審查(一)台灣民眾黨黨團擬具「社會工作師法第十九條條文修正草案」案、(二)委員林文瑞等17人擬具「社會工作師法第十九條條文修正草案」案、(三)委員陳明文等21人擬具「社會工作師法第十九條條文修正草案」案、(四)委員吳玉琴等17人擬具「社會工作師法部分條文修正草案」案、(五)委員楊曜等21人擬具「社會工作師法第十九條及第四十七條之一條文修正草案」案、(六)委員黃秀芳等23人擬具「社會工作師法第十九條及第四十七條之一條文修正草案」案；二、審查委員陳靜敏等17人擬具「護理人員法第三十七條條文修正草案」案,357.0,440.0,https://ppg.ly.gov.tw/ppg/download/communique1/work/112/07/LCIDC01_1120752_00008.doc,all,LCIDC01_1120752_00008
112,8.0,3.0,10,6,17.0,,1.0,3.0,1111214,社會福利及衛生環境委員會第17次會議一、繼續審查(一)行政院函請審議「身心障礙者權益保障法部分條文修正草案」案、(二)委員趙正宇等17人擬具「身心障礙者權益保障法第五十三條之一及第九十九條條文修正草案」案、(三)委員莊競程等19人擬具「身心障礙者權益保障法第六條條文修正草案」案、(四)委員林楚茵等19人擬具「身心障礙者權益保障法第十條條文修正草案」案、(五)台灣民眾黨黨團擬具「身心障礙者權益保障法第六十二條及第六十三條條文修正草案」案、(六)委員謝衣鳯等16人擬具「身心障礙者權益保障法第六十二條及第六十三條條文修正草案」案、(七)委員蔡適應等29人擬具「身心障礙者權益保障法第七十一條條文修正草案」案、(八)委員吳玉琴等16人擬具「身心障礙者權益保障法部分條文修正草案」案、(九)委員高嘉瑜等23人擬具「身心障礙者權益保障法第七十七條條文修正草案」案、(十)委員范雲等16人擬具「身心障礙者權益保障法第十條條文修正草案」案、(十一)委員陳柏惟等19人擬具「身心障礙者權益保障法第七十一條條文修正草案」案、(十二)委員趙正宇等21人擬具「身心障礙者權益保障法第五十二條之二及第五十二條之三條文修正草案」案、(十三)委員蔡適應等21人擬具「身心障礙者權益保障法增訂第二十一條之一條文草案」案、(十四)委員陳以信等20人擬具「身心障礙者權益保障法第五十二條及第六十一條條文修正草案」案、(十五)委員吳玉琴等22人擬具「身心障礙者權益保障法第六十三條之一、第九十條及第九十二條條文修正草案」案、(十六)委員趙正宇等27人擬具「身心障礙者權益保障法第十條條文修正草案」案、(十七)委員范雲等17人擬具「身心障礙者權益保障法第七十一條條文修正草案」案、(十八)委員楊曜等17人擬具「身心障礙者權益保障法第三十八條條文修正草案」案、(十九)委員楊曜等17人擬具「身心障礙者權益保障法第五十二條及第六十一條條文修正草案」案、(二十)委員萬美玲等19人擬具「身心障礙者權益保障法第九十條及第九十二條條文修正草案」案、(二十一)委員廖婉汝等19人擬具「身心障礙者權益保障法第六十三條之一及第九十條條文修正草案」案、(二十二)委員賴品妤等16人擬具「身心障礙者權益保障法增訂第四十條之一條文草案」案、(二十三)委員賴惠員等26人擬具「身心障礙者權益保障法增訂第四十條之一條文草案」案、(二十四)委員余天等23人擬具「身心障礙者權益保障法第五十三條及第九十九條條文修正草案」案、(二十五)委員黃國書等17人擬具「身心障礙者權益保障法第十條條文修正草案」案、(二十六)委員張育美等16人擬具「身心障礙者權益保障法部分條文修正草案」案、(二十七)委員謝衣鳯等16人擬具「身心障礙者權益保障法第十條條文修正草案」案、(二十八)委員林宜瑾等21人擬具「身心障礙者權益保障法部分條文修正草案」案、(二十九)委員楊瓊瓔等18人擬具「身心障礙者權益保障法部分條文修正草案」案、(三十)委員陳明文等17人擬具「身心障礙者權益保障法第二條及第五十三條條文修正草案」案、(三十一)委員馬文君等16人擬具「身心障礙者權益保障法第五十三條條文修正草案」案、(三十二)委員林楚茵等,1.0,228.0,https://ppg.ly.gov.tw/ppg/download/communique1/work/112/08/LCIDC01_1120803_00002.doc,all,LCIDC01_1120803_00002
112,8.0,3.0,10,6,17.0,,2.0,3.0,1111215,社會福利及衛生環境委員會第17次會議一、繼續審查(一)行政院函請審議「身心障礙者權益保障法部分條文修正草案」案、(二)委員趙正宇等17人擬具「身心障礙者權益保障法第五十三條之一及第九十九條條文修正草案」案、(三)委員莊競程等19人擬具「身心障礙者權益保障法第六條條文修正草案」案、(四)委員林楚茵等19人擬具「身心障礙者權益保障法第十條條文修正草案」案、(五)台灣民眾黨黨團擬具「身心障礙者權益保障法第六十二條及第六十三條條文修正草案」案、(六)委員謝衣鳯等16人擬具「身心障礙者權益保障法第六十二條及第六十三條條文修正草案」案、(七)委員蔡適應等29人擬具「身心障礙者權益保障法第七十一條條文修正草案」案、(八)委員吳玉琴等16人擬具「身心障礙者權益保障法部分條文修正草案」案、(九)委員高嘉瑜等23人擬具「身心障礙者權益保障法第七十七條條文修正草案」案、(十)委員范雲等16人擬具「身心障礙者權益保障法第十條條文修正草案」案、(十一)委員陳柏惟等19人擬具「身心障礙者權益保障法第七十一條條文修正草案」案、(十二)委員趙正宇等21人擬具「身心障礙者權益保障法第五十二條之二及第五十二條之三條文修正草案」案、(十三)委員蔡適應等21人擬具「身心障礙者權益保障法增訂第二十一條之一條文草案」案、(十四)委員陳以信等20人擬具「身心障礙者權益保障法第五十二條及第六十一條條文修正草案」案、(十五)委員吳玉琴等22人擬具「身心障礙者權益保障法第六十三條之一、第九十條及第九十二條條文修正草案」案、(十六)委員趙正宇等27人擬具「身心障礙者權益保障法第十條條文修正草案」案、(十七)委員范雲等17人擬具「身心障礙者權益保障法第七十一條條文修正草案」案、(十八)委員楊曜等17人擬具「身心障礙者權益保障法第三十八條條文修正草案」案、(十九)委員楊曜等17人擬具「身心障礙者權益保障法第五十二條及第六十一條條文修正草案」案、(二十)委員萬美玲等19人擬具「身心障礙者權益保障法第九十條及第九十二條條文修正草案」案、(二十一)委員廖婉汝等19人擬具「身心障礙者權益保障法第六十三條之一及第九十條條文修正草案」案、(二十二)委員賴品妤等16人擬具「身心障礙者權益保障法增訂第四十條之一條文草案」案、(二十三)委員賴惠員等26人擬具「身心障礙者權益保障法增訂第四十條之一條文草案」案、(二十四)委員余天等23人擬具「身心障礙者權益保障法第五十三條及第九十九條條文修正草案」案、(二十五)委員黃國書等17人擬具「身心障礙者權益保障法第十條條文修正草案」案、(二十六)委員張育美等16人擬具「身心障礙者權益保障法部分條文修正草案」案、(二十七)委員謝衣鳯等16人擬具「身心障礙者權益保障法第十條條文修正草案」案、(二十八)委員林宜瑾等21人擬具「身心障礙者權益保障法部分條文修正草案」案、(二十九)委員楊瓊瓔等18人擬具「身心障礙者權益保障法部分條文修正草案」案、(三十)委員陳明文等17人擬具「身心障礙者權益保障法第二條及第五十三條條文修正草案」案、(三十一)委員馬文君等16人擬具「身心障礙者權益保障法第五十三條條文修正草案」案、(三十二)委員林楚茵等,229.0,260.0,https://ppg.ly.gov.tw/ppg/download/communique1/work/112/08/LCIDC01_1120803_00003.doc,all,LCIDC01_1120803_00003
112,9.0,2.0,10,6,,,2.0,3.0,1111221,社會福利及衛生環境委員會會議舉行「嚴重特殊傳染性肺炎（COVID─19）防疫作為之回顧與檢討」公聽會,175.0,274.0,https://ppg.ly.gov.tw/ppg/download/communique1/work/112/09/LCIDC01_1120902_00003.doc,all,LCIDC01_1120902_00003
112,13.0,1.0,10,6,18.0,,2.0,3.0,1111222,社會福利及衛生環境委員會第18次會議邀請衛生福利部部長列席報告業務概況，並備質詢,55.0,172.0,https://ppg.ly.gov.tw/ppg/download/communique1/work/112/13/LCIDC01_1121301_00003.doc,all,LCIDC01_1121301_00003
112,20.0,5.0,10,6,16.0,,7.0,8.0,1120110,一、本院社會福利及衛生環境委員會報告併案審查行政院函請審議、委員呂玉玲等19人、委員楊瓊瓔等20人、委員林奕華等16人分別擬具「菸害防制法修正草案」、委員林宜瑾等19人、委員蘇治芬等17人、台灣民眾黨黨團、台灣民眾黨黨團、委員蔡易餘等19人、委員陳秀寳等19人、委員羅美玲等16人、委員萬美玲等17人、委員陳明文等17人、委員林為洲等17人分別擬具「菸害防制法部分條文修正草案」、委員蔡易餘等17人擬具「菸害防制法第二條及第十四條條文修正草案」、委員賴惠員等24人擬具「菸害防制法第二條、第十三條及第十四條條文修正草案」、台灣民眾黨黨團擬具「菸害防制法第二條、第四條及第四條之一條文修正草案」、委員洪孟楷等19人、委員魯明哲等21人分別擬具「菸害防制法第三條條文修正草案」、委員呂玉玲等16人擬具「菸害防制法第七條之一及第二十四條條文修正草案」、委員許淑華等16人擬具「菸害防制法第十一條條文修正草案」、委員賴品妤等18人擬具「菸害防制法第十三條及第十七條條文修正草案」、委員楊曜等17人擬具「菸害防制法第十三條條文修正草案」、委員羅致政等19人擬具「菸害防制法第十七條及第三十一條條文修正草案」及台灣民眾黨黨團擬具「菸害防制法第二十九條條文修正草案」案；二、本院委員羅致政等17人擬具「菸害防制法第四條條文修正草案」，請審議案；三、本院委員傅崐萁等20人擬具「菸害防制法第二十九條條文修正草案」，請審議案,249.0,292.0,https://ppg.ly.gov.tw/ppg/download/communique1/work/112/20/LCIDC01_1122005_00008.doc,all,LCIDC01_1122005_00008
112,22.0,1.0,10,7,1.0,,17.0,3.0,1120223,社會福利及衛生環境委員會第1次會議選舉第10屆第7會期本會召集委員,235.0,236.0,https://ppg.ly.gov.tw/ppg/download/communique1/work/112/22/LCIDC01_1122201_00010.doc,all,LCIDC01_1122201_00010
112,24.0,1.0,10,7,,,6.0,3.0,1120306,社會福利及衛生環境委員會公聽會舉行「病人自主權利法」公聽會,309.0,374.0,https://ppg.ly.gov.tw/ppg/download/communique1/work/112/24/LCIDC01_1122401_00007.doc,all,LCIDC01_1122401_00007
112,24.0,1.0,10,7,2.0,,7.0,3.0,1120301,社會福利及衛生環境委員會第2次會議邀請行政院環境保護署署長列席報告業務概況，並備質詢（112年3月1日、112年3月2日為一次會）,375.0,458.0,https://ppg.ly.gov.tw/ppg/download/communique1/work/112/24/LCIDC01_1122401_00008.doc,all,LCIDC01_1122401_00008
112,24.0,1.0,10,7,2.0,,8.0,3.0,1120302,社會福利及衛生環境委員會第2次會議審查一、行政院函請審議「社會福利基本法草案」案；二、委員吳玉琴等17人擬具「社會福利基本法草案」案（112年3月1日、112年3月2日為一次會）,459.0,510.0,https://ppg.ly.gov.tw/ppg/download/communique1/work/112/24/LCIDC01_1122401_00009.doc,all,LCIDC01_1122401_00009
112,25.0,1.0,10,7,3.0,,6.0,3.0,1120308,社會福利及衛生環境委員會第3次會議邀請衛生福利部部長列席報告業務概況，並備質詢,371.0,434.0,https://ppg.ly.gov.tw/ppg/download/communique1/work/112/25/LCIDC01_1122501_00007.doc,all,LCIDC01_1122501_00007
112,31.0,1.0,10,7,5.0,,3.0,3.0,1120320,社會福利及衛生環境委員會第5次會議一、審查(一)行政院函請審議「再生醫療法草案」案、(二)台灣民眾黨黨團擬具「再生醫療發展法草案」案、(三)台灣民眾黨黨團擬具「再生醫療施行管理條例草案」案、(四)委員邱議瑩等16人擬具「再生醫療發展法草案」案、(五)委員謝衣鳯等18人擬具「再生醫療發展法草案」案、(六)委員林靜儀等20人擬具「再生醫療發展法草案」案、(七)委員林靜儀等20人擬具「再生醫療施行管理條例草案」案、(八)委員張育美等16人擬具「再生醫療發展法草案」案、(九)委員林為洲等17人擬具「再生醫療發展法草案」案、(十)委員林為洲等17人擬具「再生醫療施行管理條例草案」案；二、審查(一)行政院函請審議「再生醫療製劑條例草案」案、(二)委員邱議瑩等17人擬具「再生醫療製劑管理條例草案」案、(三)委員吳玉琴等16人擬具「再生醫療製劑管理條例草案」案、(四)委員邱泰源等26人擬具「再生醫療製品管理法草案」案、(五)委員劉建國等19人擬具「再生醫療製劑管理條例草案」案、(六)委員謝衣鳯等18人擬具「再生醫療製劑管理條例草案」案、(七)委員徐志榮等18人擬具「再生醫療製劑管理條例草案」案、(八)委員邱議瑩等16人擬具「再生醫療製品及技術管理條例草案」案、(九)委員林為洲等16人擬具「再生醫療製劑管理條例草案」案、(十)台灣民眾黨黨團擬具「再生醫療製劑管理條例草案」案、(十一)委員張育美等17人擬具「再生醫療製劑管理條例草案」案,107.0,262.0,https://ppg.ly.gov.tw/ppg/download/communique1/work/112/31/LCIDC01_1123101_00004.doc,all,LCIDC01_1123101_00004
112,31.0,1.0,10,7,4.0,,5.0,3.0,1120313,社會福利及衛生環境委員會第4次會議一、審查(一)委員張育美等19人擬具「營養師法部分條文修正草案」案、(二)委員吳玉琴等18人擬具「營養師法第十三條條文修正草案」案、(三)委員邱議瑩等16人擬具「營養師法第十條及第十三條條文修正草案」案；二、審查(一)委員陳明文等19人擬具「癌症防治法第十三條條文修正草案」案、(二)時代力量黨團擬具「癌症防治法第八條條文修正草案」案、(三)委員劉建國等19人擬具「癌症防治法第十六條條文修正草案」案、(四)委員吳玉琴等19人擬具「癌症防治法第十六條條文修正草案」案、(五)委員邱議瑩等16人擬具「癌症防治法第十六條條文修正草案」案、(六)委員蘇巧慧等27人擬具「癌症防治法修正草案」案、(七)時代力量黨團擬具「癌症防治法第十六條條文修正草案」案、(八)委員林宜瑾等21人擬具「癌症防治法第八條條文修正草案」案（112年3月13日、112年3月16日為一次會）,309.0,386.0,https://ppg.ly.gov.tw/ppg/download/communique1/work/112/31/LCIDC01_1123101_00006.doc,all,LCIDC01_1123101_00006
112,31.0,1.0,10,7,4.0,,6.0,3.0,1120316,社會福利及衛生環境委員會第4次會議一、繼續審查(一)行政院函請審議「社會福利基本法草案」案、(二)委員吳玉琴等17人擬具「社會福利基本法草案」案；二、審查(一)委員林昶佐等17人擬具「社會福利基本法草案」案、(二)委員張育美等19人擬具「社會福利基本法草案」案、(三)委員范雲等19人擬具「社會福利基本法草案」案、(四)委員蘇巧慧等32人擬具「社會福利基本法草案」案、(五)委員鄭天財SraKacaw等17人擬具「社會福利基本法草案」案（112年3月13日、112年3月16日為一次會）,387.0,486.0,https://ppg.ly.gov.tw/ppg/download/communique1/work/112/31/LCIDC01_1123101_00007.doc,all,LCIDC01_1123101_00007
112,37.0,2.0,10,7,6.0,,1.0,3.0,1120329,社會福利及衛生環境委員會第6次會議一、繼續審查(一)行政院函請審議「再生醫療法草案」案、(二)台灣民眾黨黨團擬具「再生醫療發展法草案」案、(三)台灣民眾黨黨團擬具「再生醫療施行管理條例草案」案、(四)委員邱議瑩等16人擬具「再生醫療發展法草案」案、(五)委員謝衣鳯等18人擬具「再生醫療發展法草案」案、(六)委員林靜儀等20人擬具「再生醫療發展法草案」案、(七)委員林靜儀等20人擬具「再生醫療施行管理條例草案」案、(八)委員張育美等16人擬具「再生醫療發展法草案」案、(九)委員林為洲等17人擬具「再生醫療發展法草案」案、(十)委員林為洲等17人擬具「再生醫療施行管理條例草案」案；二、審查(一)委員張育美等17人擬具「再生醫療法草案」案、(二)時代力量黨團擬具「再生醫療法草案」案；三、繼續審查(一)行政院函請審議「再生醫療製劑條例草案」案、(二)委員邱議瑩等17人擬具「再生醫療製劑管理條例草案」案、(三)委員吳玉琴等16人擬具「再生醫療製劑管理條例草案」案、(四)委員邱泰源等26人擬具「再生醫療製品管理法草案」案、(五)委員劉建國等19人擬具「再生醫療製劑管理條例草案」案、(六)委員謝衣鳯等18人擬具「再生醫療製劑管理條例草案」案、(七)委員徐志榮等18人擬具「再生醫療製劑管理條例草案」案、(八)委員邱議瑩等16人擬具「再生醫療製品及技術管理條例草案」案、(九)委員林為洲等16人擬具「再生醫療製劑管理條例草案」案、(十)台灣民眾黨黨團擬具「再生醫療製劑管理條例草案」案、(十一)委員張育美等17人擬具「再生醫療製劑管理條例草案」案（112年3月29日、112年3月30日為一次會）,1.0,218.0,https://ppg.ly.gov.tw/ppg/download/communique1/work/112/37/LCIDC01_1123702_00002.doc,all,LCIDC01_1123702_00002
112,37.0,2.0,10,7,6.0,,2.0,3.0,1120330,社會福利及衛生環境委員會第6次會議一、繼續審查(一)行政院函請審議「再生醫療法草案」案、(二)台灣民眾黨黨團擬具「再生醫療發展法草案」案、(三)台灣民眾黨黨團擬具「再生醫療施行管理條例草案」案、(四)委員邱議瑩等16人擬具「再生醫療發展法草案」案、(五)委員謝衣鳯等18人擬具「再生醫療發展法草案」案、(六)委員林靜儀等20人擬具「再生醫療發展法草案」案、(七)委員林靜儀等20人擬具「再生醫療施行管理條例草案」案、(八)委員張育美等16人擬具「再生醫療發展法草案」案、(九)委員林為洲等17人擬具「再生醫療發展法草案」案、(十)委員林為洲等17人擬具「再生醫療施行管理條例草案」案；二、審查(一)委員張育美等17人擬具「再生醫療法草案」案、(二)時代力量黨團擬具「再生醫療法草案」案；三、繼續審查(一)行政院函請審議「再生醫療製劑條例草案」案、(二)委員邱議瑩等17人擬具「再生醫療製劑管理條例草案」案、(三)委員吳玉琴等16人擬具「再生醫療製劑管理條例草案」案、(四)委員邱泰源等26人擬具「再生醫療製品管理法草案」案、(五)委員劉建國等19人擬具「再生醫療製劑管理條例草案」案、(六)委員謝衣鳯等18人擬具「再生醫療製劑管理條例草案」案、(七)委員徐志榮等18人擬具「再生醫療製劑管理條例草案」案、(八)委員邱議瑩等16人擬具「再生醫療製品及技術管理條例草案」案、(九)委員林為洲等16人擬具「再生醫療製劑管理條例草案」案、(十)台灣民眾黨黨團擬具「再生醫療製劑管理條例草案」案、(十一)委員張育美等17人擬具「再生醫療製劑管理條例草案」案（112年3月29日、112年3月30日為一次會）,219.0,252.0,https://ppg.ly.gov.tw/ppg/download/communique1/work/112/37/LCIDC01_1123702_00003.doc,all,LCIDC01_1123702_00003
112,39.0,1.0,10,7,7.0,,2.0,3.0,1120406,社會福利及衛生環境委員會第7次會議審查委員王定宇等20人擬具「環境影響評估法增訂第十六條之二條文草案」案,33.0,102.0,https://ppg.ly.gov.tw/ppg/download/communique1/work/112/39/LCIDC01_1123901_00003.doc,all,LCIDC01_1123901_00003
112,41.0,1.0,10,7,8.0,,1.0,3.0,1120412,社會福利及衛生環境委員會第8次會議一、邀請勞動部部長列席報告業務概況，並備質詢；二、處理或審查中華民國112年度中央政府總預算有關勞動部主管預算（公務預算）凍結案30案（含報告事項21案及討論事項9案）；三、處理財團法人職業災害預防及重建中心112年度預算決議預算凍結案1案；四、審查(一)委員陳素月等25人擬具「就業服務法第五十八條條文修正草案」案、(二)委員陳明文等18人擬具「就業服務法第五十八條條文修正草案」案、(三)委員楊曜等16人擬具「就業服務法第五十八條條文修正草案」案、(四)委員莊瑞雄等19人擬具「就業服務法第五十八條條文修正草案」案、(五)委員廖婉汝等21人擬具「就業服務法第五十八條條文修正草案」案、(六)委員洪孟楷等18人擬具「就業服務法第五十八條條文修正草案」案、(七)委員楊瓊瓔等16人擬具「就業服務法第五十八條條文修正草案」案、(八)委員鄭正鈐等26人擬具「就業服務法第五十八條條文修正草案」案、(九)委員呂玉玲等19人擬具「就業服務法第五十八條條文修正草案」案、(十)台灣民眾黨黨團擬具「就業服務法第五十八條條文修正草案」案、(十一)委員謝衣鳯等21人擬具「就業服務法第五十八條條文修正草案」案、(十二)委員馬文君等27人擬具「就業服務法第五十八條條文修正草案」案、(十三)委員溫玉霞等16人擬具「就業服務法第五十八條條文修正草案」案、(十四)委員魯明哲等18人擬具「就業服務法第五十八條條文修正草案」案、(十五)委員鄭麗文等16人擬具「就業服務法第五十八條條文修正草案」案、(十六)委員游毓蘭等16人擬具「就業服務法第五十八條條文修正草案」案、(十七)委員陳素月等22人擬具「就業服務法第五十八條條文修正草案」案、(十八)委員王美惠等17人擬具「就業服務法第五十八條條文修正草案」案、(十九)委員莊競程等19人擬具「就業服務法第五十八條條文修正草案」案、(二十)委員張育美等17人擬具「就業服務法第五十八條條文修正草案」案、(二十一)委員邱泰源等18人擬具「就業服務法第五十八條條文修正草案」案、(二十二)委員吳玉琴等17人擬具「就業服務法第五十八條條文修正草案」案,1.0,160.0,https://ppg.ly.gov.tw/ppg/download/communique1/work/112/41/LCIDC01_1124101_00002.doc,all,LCIDC01_1124101_00002
112,42.0,2.0,10,7,9.0,,4.0,3.0,1120419,社會福利及衛生環境委員會第9次會議一、邀請衛生福利部就(一)「後疫情時期如何持續推動落實醫院與基層合作均衡發展的分級醫療制度」之規劃及具體作為、(二)「偏鄉離島地區醫療現況」、(三)「急重罕病病友與病友家庭之支持協助及關懷現況」、(四)「台灣如何拓展公衛醫療國際參與力」進行專題報告並備質詢；二、處理或審查中華民國112年度中央政府總預算有關衛生福利部主管預算（公務預算）凍結案22案（含報告事項11案及討論事項11案）,139.0,266.0,https://ppg.ly.gov.tw/ppg/download/communique1/work/112/42/LCIDC01_1124202_00005.doc,all,LCIDC01_1124202_00005
112,47.0,1.0,10,7,10.0,,6.0,3.0,1120424,社會福利及衛生環境委員會第10次會議一、邀請行政院環境保護署就「強化家戶與一般事業廢棄物管理因應作為」進行專題報告並備質詢；二、處理或審查中華民國112年度中央政府總預算有關行政院環境保護署主管預算（公務預算）凍結案41案（含報告事項27案及討論事項14案）（112年4月24日、112年4月26日為一次會）,401.0,490.0,https://ppg.ly.gov.tw/ppg/download/communique1/work/112/47/LCIDC01_1124701_00007.doc,all,LCIDC01_1124701_00007
112,47.0,1.0,10,7,10.0,,7.0,3.0,1120426,社會福利及衛生環境委員會第10次會議邀請衛生福利部就一、「長期照顧2.0政策整體實施現況」、二、「長照及身障機構就後疫情時代之因應機制」、三、「改善社會福利服務採購之作為」進行專題報告並備質詢（112年4月24日、112年4月26日為一次會）,491.0,558.0,https://ppg.ly.gov.tw/ppg/download/communique1/work/112/47/LCIDC01_1124701_00008.doc,all,LCIDC01_1124701_00008
112,49.0,1.0,10,7,11.0,,8.0,3.0,1120503,社會福利及衛生環境委員會第11次會議一、審查(一)行政院函請審議「傳染病防治法增訂第六十一條之一及第六十一條之二條文草案」案、(二)委員莊競程等16人擬具「傳染病防治法增訂第六十一條之一及第六十一條之二條文草案」案；二、審查(一)行政院函請審議「全民健康保險法增訂第八十條之一及第八十條之二條文草案」案、(二)委員莊競程等16人擬具「全民健康保險法增訂第八十條之一及第八十條之二條文草案」案；三、審查(一)行政院函請審議「醫療法增訂第一百零五條之一及第一百零五條之二條文草案」案、(二)委員莊競程等16人擬具「醫療法增訂第一百零五條之一及第一百零五條之二條文草案」案,407.0,484.0,https://ppg.ly.gov.tw/ppg/download/communique1/work/112/49/LCIDC01_1124901_00009.doc,all,LCIDC01_1124901_00009
112,52.0,1.0,10,7,12.0,,7.0,3.0,1120510,社會福利及衛生環境委員會第12次會議一、審查(一)台灣民眾黨黨團擬具「社會工作師法第十九條條文修正草案」案、(二)委員林文瑞等17人擬具「社會工作師法第十九條條文修正草案」案、(三)委員陳明文等21人擬具「社會工作師法第十九條條文修正草案」案、(四)委員吳玉琴等17人擬具「社會工作師法部分條文修正草案」案、(五)委員楊曜等21人擬具「社會工作師法第十九條及第四十七條之一條文修正草案」案、(六)委員黃秀芳等23人擬具「社會工作師法第十九條及第四十七條之一條文修正草案」案；二、審查委員陳靜敏等17人擬具「護理人員法第三十七條條文修正草案」案,357.0,440.0,https://ppg.ly.gov.tw/ppg/download/communique1/work/112/52/LCIDC01_1125201_00008.doc,all,LCIDC01_1125201_00008
112,53.0,4.0,10,7,,,5.0,3.0,1120515,社會福利及衛生環境委員會會議舉行「社會救助法修法方向」公聽會,189.0,262.0,https://ppg.ly.gov.tw/ppg/download/communique1/work/112/53/LCIDC01_1125304_00006.doc,all,LCIDC01_1125304_00006
