committee,lgno,name,term,sessionPeriod,isCoChairman
內政委員會,00024,李正宗,4,1,N
內政委員會,00044,林正二,4,1,N
內政委員會,00054,林春德,4,1,N
內政委員會,00076,邱鏡淳,4,1,N
內政委員會,00098,翁金珠,4,1,N
內政委員會,00103,許登宮,4,1,N
內政委員會,00124,曹爾忠,4,1,N
內政委員會,00126,陳定南,4,1,N
內政委員會,00148,曾華德,4,1,N
內政委員會,00156,黃木添,4,1,Y
內政委員會,00161,黃義交,4,1,N
內政委員會,00174,廖風德,4,1,N
內政委員會,00183,鄭朝明,4,1,N
內政委員會,00186,蔡中涵,4,1,N
內政委員會,00189,蔡家福,4,1,Y
內政委員會,00212,戴振耀,4,1,N
內政委員會,00220,簡錫堦,4,1,Y
內政委員會,00032,李慶雄,4,2,N
內政委員會,00050,林炳坤,4,2,N
內政委員會,00091,秦慧珠,4,2,N
內政委員會,00103,許登宮,4,2,N
內政委員會,00107,郭廷才,4,2,N
內政委員會,00125,陳宏昌,4,2,N
內政委員會,00126,陳定南,4,2,N
內政委員會,00148,曾華德,4,2,N
內政委員會,00162,黃爾璇,4,2,N
內政委員會,00165,楊仁福,4,2,N
內政委員會,00174,廖風德,4,2,N
內政委員會,00183,鄭朝明,4,2,Y
內政委員會,00189,蔡家福,4,2,Y
內政委員會,00192,蔡豪,4,2,N
內政委員會,00200,劉銓忠,4,2,N
內政委員會,00212,戴振耀,4,2,N
內政委員會,00224,蘇煥智,4,2,N
內政委員會,00015,伍澤元,4,3,N
內政委員會,00019,朱鳳芝,4,3,N
內政委員會,00027,李炷烽,4,3,N
內政委員會,00058,林國龍,4,3,N
內政委員會,00072,周錫瑋,4,3,N
內政委員會,00087,侯惠仙,4,3,N
內政委員會,00103,許登宮,4,3,N
內政委員會,00110,章仁香,4,3,N
內政委員會,00154,馮滬祥,4,3,N
內政委員會,00162,黃爾璇,4,3,N
內政委員會,00165,楊仁福,4,3,Y
內政委員會,00183,鄭朝明,4,3,N
內政委員會,00184,鄭龍水,4,3,N
內政委員會,00189,蔡家福,4,3,N
內政委員會,00208,營志宏,4,3,Y
內政委員會,00212,戴振耀,4,3,Y
內政委員會,00224,蘇煥智,4,3,N
內政委員會,00013,瓦歷斯．貝林,4,4,N
內政委員會,00028,李俊毅,4,4,N
內政委員會,00038,吳清池,4,4,N
內政委員會,00087,侯惠仙,4,4,N
內政委員會,00088,唐碧娥,4,4,N
內政委員會,00107,郭廷才,4,4,N
內政委員會,00110,章仁香,4,4,N
內政委員會,00122,張學舜,4,4,Y
內政委員會,00148,曾華德,4,4,N
內政委員會,00161,黃義交,4,4,N
內政委員會,00162,黃爾璇,4,4,N
內政委員會,00171,葉宜津,4,4,N
內政委員會,00174,廖風德,4,4,N
內政委員會,00186,蔡中涵,4,4,Y
內政委員會,00189,蔡家福,4,4,N
內政委員會,00201,劉憲同,4,4,N
內政委員會,00224,蘇煥智,4,4,N
內政委員會,00003,巴燕．達魯,4,5,N
內政委員會,00013,瓦歷斯．貝林,4,5,N
內政委員會,00045,林宏宗,4,5,N
內政委員會,00050,林炳坤,4,5,N
內政委員會,00068,周伯倫,4,5,N
內政委員會,00072,周錫瑋,4,5,N
內政委員會,00090,高揚昇,4,5,N
內政委員會,00094,徐少萍,4,5,N
內政委員會,00119,張清芳,4,5,Y
內政委員會,00124,曹爾忠,4,5,N
內政委員會,00143,陳學聖,4,5,N
內政委員會,00148,曾華德,4,5,N
內政委員會,00153,馮定國,4,5,N
內政委員會,00171,葉宜津,4,5,N
內政委員會,00183,鄭朝明,4,5,N
內政委員會,00186,蔡中涵,4,5,Y
內政委員會,00189,蔡家福,4,5,N
內政委員會,00208,營志宏,4,5,N
內政委員會,00224,蘇煥智,4,5,N
內政委員會,00002,方醫良,4,6,N
內政委員會,00038,吳清池,4,6,N
內政委員會,00050,林炳坤,4,6,Y
內政委員會,00087,侯惠仙,4,6,N
內政委員會,00090,高揚昇,4,6,N
內政委員會,00110,章仁香,4,6,N
內政委員會,00113,張世良,4,6,N
內政委員會,00117,張俊宏,4,6,N
內政委員會,00119,張清芳,4,6,N
內政委員會,00122,張學舜,4,6,N
內政委員會,00143,陳學聖,4,6,Y
內政委員會,00148,曾華德,4,6,N
內政委員會,00165,楊仁福,4,6,N
內政委員會,00171,葉宜津,4,6,Y
內政委員會,00183,鄭朝明,4,6,N
內政委員會,00189,蔡家福,4,6,N
內政委員會,00196,劉炳偉,4,6,N
內政委員會,00201,劉憲同,4,6,N
內政委員會,00208,營志宏,4,6,N
內政委員會,00035,李慶華,5,1,N
內政委員會,00044,周伯倫,5,1,N
內政委員會,00071,邱創進,5,1,N
內政委員會,00075,邱議瑩,5,1,N
內政委員會,00077,侯彩鳳,5,1,N
內政委員會,00102,張昌財,5,1,N
內政委員會,00105,張清芳,5,1,N
內政委員會,00108,曹原彰,5,1,N
內政委員會,00123,陳其邁,5,1,N
內政委員會,00129,陳建銘,5,1,N
內政委員會,00142,陳學聖,5,1,N
內政委員會,00149,曾華德,5,1,N
內政委員會,00155,馮定國,5,1,Y
內政委員會,00185,蔡家福,5,1,N
內政委員會,00212,藍美津,5,1,N
內政委員會,00213,顏清標,5,1,N
內政委員會,00012,朱鳳芝,5,2,N
內政委員會,00035,李慶華,5,2,Y
內政委員會,00044,周伯倫,5,2,N
內政委員會,00071,邱創進,5,2,N
內政委員會,00105,張清芳,5,2,Y
內政委員會,00108,曹原彰,5,2,N
內政委員會,00117,郭俊銘,5,2,N
內政委員會,00129,陳建銘,5,2,N
內政委員會,00130,陳茂男,5,2,N
內政委員會,00142,陳學聖,5,2,Y
內政委員會,00143,陳麗惠,5,2,N
內政委員會,00149,曾華德,5,2,N
內政委員會,00155,馮定國,5,2,N
內政委員會,00185,蔡家福,5,2,N
內政委員會,00206,謝明源,5,2,N
內政委員會,00210,鍾榮吉,5,2,N
內政委員會,00012,朱鳳芝,5,3,N
內政委員會,00035,李慶華,5,3,N
內政委員會,00042,卓伯源,5,3,N
內政委員會,00098,高金素梅,5,3,N
內政委員會,00105,張清芳,5,3,N
內政委員會,00108,曹原彰,5,3,N
內政委員會,00114,許榮淑,5,3,N
內政委員會,00116,郭玟成,5,3,N
內政委員會,00129,陳建銘,5,3,N
內政委員會,00136,陳景峻,5,3,N
內政委員會,00137,陳朝龍,5,3,N
內政委員會,00140,陳道明,5,3,N
內政委員會,00142,陳學聖,5,3,N
內政委員會,00149,曾華德,5,3,N
內政委員會,00153,湯金全,5,3,N
內政委員會,00155,馮定國,5,3,N
內政委員會,00173,趙永清,5,3,N
內政委員會,00185,蔡家福,5,3,N
內政委員會,00206,謝明源,5,3,N
內政委員會,00210,鍾榮吉,5,3,N
內政委員會,00221,關沃暖,5,3,N
內政委員會,00012,朱鳳芝,5,4,N
內政委員會,00035,李慶華,5,4,N
內政委員會,00042,卓伯源,5,4,N
內政委員會,00098,高金素梅,5,4,N
內政委員會,00105,張清芳,5,4,N
內政委員會,00108,曹原彰,5,4,N
內政委員會,00114,許榮淑,5,4,N
內政委員會,00116,郭玟成,5,4,N
內政委員會,00129,陳建銘,5,4,N
內政委員會,00136,陳景峻,5,4,N
內政委員會,00137,陳朝龍,5,4,N
內政委員會,00140,陳道明,5,4,N
內政委員會,00142,陳學聖,5,4,N
內政委員會,00149,曾華德,5,4,N
內政委員會,00153,湯金全,5,4,N
內政委員會,00155,馮定國,5,4,N
內政委員會,00173,趙永清,5,4,N
內政委員會,00185,蔡家福,5,4,N
內政委員會,00206,謝明源,5,4,N
內政委員會,00210,鍾榮吉,5,4,N
內政委員會,00221,關沃暖,5,4,N
內政委員會,00012,朱鳳芝,5,5,N
內政委員會,00035,李慶華,5,5,N
內政委員會,00098,高金素梅,5,5,Y
內政委員會,00104,張俊宏,5,5,N
內政委員會,00105,張清芳,5,5,N
內政委員會,00108,曹原彰,5,5,N
內政委員會,00116,郭玟成,5,5,N
內政委員會,00127,陳金德,5,5,N
內政委員會,00129,陳建銘,5,5,N
內政委員會,00136,陳景峻,5,5,Y
內政委員會,00137,陳朝龍,5,5,N
內政委員會,00140,陳道明,5,5,N
內政委員會,00142,陳學聖,5,5,N
內政委員會,00149,曾華德,5,5,N
內政委員會,00155,馮定國,5,5,Y
內政委員會,00163,楊仁福,5,5,N
內政委員會,00164,楊文欣,5,5,N
內政委員會,00185,蔡家福,5,5,N
內政委員會,00210,鍾榮吉,5,5,N
內政委員會,00010,瓦歷斯．貝林,5,6,N
內政委員會,00012,朱鳳芝,5,6,N
內政委員會,00033,李嘉進,5,6,N
內政委員會,00035,李慶華,5,6,N
內政委員會,00055,林春德,5,6,Y
內政委員會,00096,高孟定,5,6,N
內政委員會,00104,張俊宏,5,6,N
內政委員會,00108,曹原彰,5,6,N
內政委員會,00116,郭玟成,5,6,N
內政委員會,00129,陳建銘,5,6,N
內政委員會,00136,陳景峻,5,6,N
內政委員會,00137,陳朝龍,5,6,Y
內政委員會,00140,陳道明,5,6,N
內政委員會,00142,陳學聖,5,6,N
內政委員會,00149,曾華德,5,6,N
內政委員會,00155,馮定國,5,6,N
內政委員會,00164,楊文欣,5,6,N
內政委員會,00185,蔡家福,5,6,Y
內政委員會,00198,鄭貴蓮,5,6,N
內政委員會,00210,鍾榮吉,5,6,N
內政委員會,00013,孔文吉,6,1,N
內政委員會,00018,朱鳳芝,6,1,Y
內政委員會,00028,吳育昇,6,1,N
內政委員會,00047,李慶安,6,1,Y
內政委員會,00048,李慶華,6,1,N
內政委員會,00057,周錫瑋,6,1,N
內政委員會,00066,林炳坤,6,1,N
內政委員會,00079,林鴻池,6,1,N
內政委員會,00082,邱創進,6,1,Y
內政委員會,00099,徐國勇,6,1,N
內政委員會,00104,高建智,6,1,N
內政委員會,00112,張慶惠,6,1,N
內政委員會,00114,張顯耀,6,1,N
內政委員會,00131,陳秀惠,6,1,N
內政委員會,00145,蔣孝嚴,6,1,N
內政委員會,00150,曾華德,6,1,N
內政委員會,00159,黃昭輝,6,1,N
內政委員會,00167,黃適卓,6,1,N
內政委員會,00187,潘孟安,6,1,N
內政委員會,00193,蔡家福,6,1,N
內政委員會,00210,薛凌,6,1,N
內政委員會,00018,朱鳳芝,6,2,N
內政委員會,00028,吳育昇,6,2,N
內政委員會,00032,吳清池,6,2,N
內政委員會,00048,李慶華,6,2,N
內政委員會,00079,林鴻池,6,2,N
內政委員會,00082,邱創進,6,2,Y
內政委員會,00099,徐國勇,6,2,N
內政委員會,00104,高建智,6,2,N
內政委員會,00111,張慶忠,6,2,N
內政委員會,00112,張慶惠,6,2,N
內政委員會,00114,張顯耀,6,2,N
內政委員會,00136,陳啟昱,6,2,N
內政委員會,00150,曾華德,6,2,N
內政委員會,00154,馮定國,6,2,N
內政委員會,00159,黃昭輝,6,2,N
內政委員會,00167,黃適卓,6,2,N
內政委員會,00173,葉芳雄,6,2,N
內政委員會,00187,潘孟安,6,2,N
內政委員會,00193,蔡家福,6,2,Y
內政委員會,00197,蔡豪,6,2,Y
內政委員會,00210,薛凌,6,2,N
內政委員會,00018,朱鳳芝,6,3,N
內政委員會,00048,李慶華,6,3,N
內政委員會,00062,林南生,6,3,N
內政委員會,00070,林耘生,6,3,N
內政委員會,00082,邱創進,6,3,N
內政委員會,00103,高金素梅,6,3,N
內政委員會,00104,高建智,6,3,N
內政委員會,00107,張昌財,6,3,N
內政委員會,00111,張慶忠,6,3,N
內政委員會,00112,張慶惠,6,3,N
內政委員會,00114,張顯耀,6,3,Y
內政委員會,00136,陳啟昱,6,3,N
內政委員會,00145,蔣孝嚴,6,3,N
內政委員會,00150,曾華德,6,3,Y
內政委員會,00154,馮定國,6,3,N
內政委員會,00159,黃昭輝,6,3,Y
內政委員會,00167,黃適卓,6,3,N
內政委員會,00173,葉芳雄,6,3,N
內政委員會,00179,趙永清,6,3,N
內政委員會,00193,蔡家福,6,3,N
內政委員會,00210,薛凌,6,3,N
內政委員會,00001,丁守中,6,4,N
內政委員會,00018,朱鳳芝,6,4,N
內政委員會,00027,吳志揚,6,4,N
內政委員會,00028,吳育昇,6,4,Y
內政委員會,00048,李慶華,6,4,N
內政委員會,00064,林春德,6,4,N
內政委員會,00065,林為洲,6,4,N
內政委員會,00070,林耘生,6,4,N
內政委員會,00104,高建智,6,4,Y
內政委員會,00112,張慶惠,6,4,N
內政委員會,00139,陳朝龍,6,4,N
內政委員會,00145,蔣孝嚴,6,4,N
內政委員會,00148,彭紹瑾,6,4,N
內政委員會,00150,曾華德,6,4,N
內政委員會,00154,馮定國,6,4,N
內政委員會,00159,黃昭輝,6,4,N
內政委員會,00167,黃適卓,6,4,N
內政委員會,00179,趙永清,6,4,N
內政委員會,00193,蔡家福,6,4,N
內政委員會,00197,蔡豪,6,4,Y
內政委員會,00210,薛凌,6,4,N
內政委員會,00001,丁守中,6,5,N
內政委員會,00013,孔文吉,6,5,N
內政委員會,00018,朱鳳芝,6,5,N
內政委員會,00027,吳志揚,6,5,Y
內政委員會,00028,吳育昇,6,5,N
內政委員會,00048,李慶華,6,5,N
內政委員會,00064,林春德,6,5,N
內政委員會,00065,林為洲,6,5,N
內政委員會,00104,高建智,6,5,N
內政委員會,00111,張慶忠,6,5,N
內政委員會,00112,張慶惠,6,5,Y
內政委員會,00122,郭正亮,6,5,N
內政委員會,00150,曾華德,6,5,N
內政委員會,00158,黃昭順,6,5,N
內政委員會,00159,黃昭輝,6,5,N
內政委員會,00167,黃適卓,6,5,N
內政委員會,00179,趙永清,6,5,N
內政委員會,00193,蔡家福,6,5,N
內政委員會,00197,蔡豪,6,5,Y
內政委員會,00210,薛凌,6,5,N
內政委員會,00233,黃誠,6,5,N
內政委員會,00013,孔文吉,6,6,Y
內政委員會,00018,朱鳳芝,6,6,N
內政委員會,00027,吳志揚,6,6,N
內政委員會,00028,吳育昇,6,6,N
內政委員會,00032,吳清池,6,6,N
內政委員會,00059,林正峰,6,6,N
內政委員會,00064,林春德,6,6,Y
內政委員會,00065,林為洲,6,6,N
內政委員會,00104,高建智,6,6,N
內政委員會,00111,張慶忠,6,6,N
內政委員會,00112,張慶惠,6,6,N
內政委員會,00133,陳金德,6,6,N
內政委員會,00136,陳啟昱,6,6,N
內政委員會,00150,曾華德,6,6,N
內政委員會,00167,黃適卓,6,6,N
內政委員會,00179,趙永清,6,6,N
內政委員會,00193,蔡家福,6,6,N
內政委員會,00197,蔡豪,6,6,N
內政委員會,00210,薛凌,6,6,Y
內政委員會,00233,黃誠,6,6,N
內政委員會,00004,王進士,7,1,N
內政委員會,00011,余天,7,1,N
內政委員會,00013,吳志揚,7,1,N
內政委員會,00014,吳育昇,7,1,Y
內政委員會,00023,李嘉進,7,1,Y
內政委員會,00040,邱議瑩,7,1,N
內政委員會,00045,紀國棟,7,1,N
內政委員會,00058,張慶忠,7,1,N
內政委員會,00063,陳秀卿,7,1,N
內政委員會,00068,陳節如,7,1,N
內政委員會,00097,蔡錦隆,7,1,N
內政委員會,00102,盧嘉辰,7,1,N
內政委員會,00106,薛凌,7,1,N
內政委員會,00109,簡東明,7,1,N
內政委員會,00004,王進士,7,2,N
內政委員會,00011,余天,7,2,N
內政委員會,00013,吳志揚,7,2,N
內政委員會,00014,吳育昇,7,2,Y
內政委員會,00023,李嘉進,7,2,Y
內政委員會,00040,邱議瑩,7,2,N
內政委員會,00045,紀國棟,7,2,N
內政委員會,00058,張慶忠,7,2,N
內政委員會,00063,陳秀卿,7,2,N
內政委員會,00068,陳節如,7,2,N
內政委員會,00097,蔡錦隆,7,2,N
內政委員會,00102,盧嘉辰,7,2,N
內政委員會,00106,薛凌,7,2,N
內政委員會,00109,簡東明,7,2,N
內政委員會,00004,王進士,7,3,N
內政委員會,00011,余天,7,3,N
內政委員會,00014,吳育昇,7,3,Y
內政委員會,00040,邱議瑩,7,3,N
內政委員會,00045,紀國棟,7,3,N
內政委員會,00050,翁金珠,7,3,N
內政委員會,00058,張慶忠,7,3,Y
內政委員會,00063,陳秀卿,7,3,N
內政委員會,00069,陳福海,7,3,N
內政委員會,00075,黃昭順,7,3,N
內政委員會,00077,黃健庭,7,3,N
內政委員會,00102,盧嘉辰,7,3,N
內政委員會,00105,賴清德,7,3,N
內政委員會,00109,簡東明,7,3,N
內政委員會,00004,王進士,7,4,N
內政委員會,00011,余天,7,4,N
內政委員會,00014,吳育昇,7,4,N
內政委員會,00040,邱議瑩,7,4,Y
內政委員會,00045,紀國棟,7,4,N
內政委員會,00050,翁金珠,7,4,N
內政委員會,00058,張慶忠,7,4,Y
內政委員會,00063,陳秀卿,7,4,N
內政委員會,00069,陳福海,7,4,N
內政委員會,00075,黃昭順,7,4,N
內政委員會,00102,盧嘉辰,7,4,N
內政委員會,00105,賴清德,7,4,N
內政委員會,00109,簡東明,7,4,N
內政委員會,00122,簡肇棟,7,4,N
內政委員會,00004,王進士,7,5,N
內政委員會,00005,孔文吉,7,5,N
內政委員會,00014,吳育昇,7,5,Y
內政委員會,00040,邱議瑩,7,5,N
內政委員會,00045,紀國棟,7,5,N
內政委員會,00053,高金素梅,7,5,N
內政委員會,00058,張慶忠,7,5,Y
內政委員會,00063,陳秀卿,7,5,N
內政委員會,00075,黃昭順,7,5,N
內政委員會,00093,蔣孝嚴,7,5,N
內政委員會,00105,賴清德,7,5,N
內政委員會,00109,簡東明,7,5,N
內政委員會,00110,顏清標,7,5,N
內政委員會,00122,簡肇棟,7,5,N
內政委員會,00124,陳明文,7,5,N
內政委員會,00004,王進士,7,6,N
內政委員會,00005,孔文吉,7,6,Y
內政委員會,00014,吳育昇,7,6,N
內政委員會,00040,邱議瑩,7,6,N
內政委員會,00045,紀國棟,7,6,N
內政委員會,00053,高金素梅,7,6,Y
內政委員會,00058,張慶忠,7,6,N
內政委員會,00063,陳秀卿,7,6,N
內政委員會,00075,黃昭順,7,6,N
內政委員會,00093,蔣孝嚴,7,6,N
內政委員會,00109,簡東明,7,6,N
內政委員會,00110,顏清標,7,6,N
內政委員會,00122,簡肇棟,7,6,N
內政委員會,00124,陳明文,7,6,N
內政委員會,00005,孔文吉,7,7,N
內政委員會,00014,吳育昇,7,7,Y
內政委員會,00040,邱議瑩,7,7,Y
內政委員會,00045,紀國棟,7,7,N
內政委員會,00053,高金素梅,7,7,N
內政委員會,00058,張慶忠,7,7,N
內政委員會,00065,陳亭妃,7,7,N
內政委員會,00069,陳福海,7,7,N
內政委員會,00075,黃昭順,7,7,N
內政委員會,00109,簡東明,7,7,N
內政委員會,00122,簡肇棟,7,7,N
內政委員會,00126,黃仁杼,7,7,N
內政委員會,00005,孔文吉,7,8,N
內政委員會,00014,吳育昇,7,8,N
內政委員會,00040,邱議瑩,7,8,N
內政委員會,00045,紀國棟,7,8,N
內政委員會,00053,高金素梅,7,8,N
內政委員會,00058,張慶忠,7,8,Y
內政委員會,00065,陳亭妃,7,8,N
內政委員會,00069,陳福海,7,8,N
內政委員會,00075,黃昭順,7,8,Y
內政委員會,00109,簡東明,7,8,N
內政委員會,00126,黃仁杼,7,8,N
內政委員會,00010,江啟臣,8,1,N
內政委員會,00014,吳育昇,8,1,N
內政委員會,00020,李俊俋,8,1,N
內政委員會,00037,邱文彥,8,1,N
內政委員會,00040,姚文智,8,1,N
內政委員會,00042,段宜康,8,1,N
內政委員會,00044,紀國棟,8,1,Y
內政委員會,00047,徐欣瑩,8,1,N
內政委員會,00052,高金素梅,8,1,N
內政委員會,00054,張慶忠,8,1,N
內政委員會,00055,張曉風,8,1,N
內政委員會,00059,陳其邁,8,1,Y
內政委員會,00066,陳超明,8,1,N
內政委員會,00074,黃文玲,8,1,N
內政委員會,00010,江啟臣,8,2,N
內政委員會,00014,吳育昇,8,2,N
內政委員會,00020,李俊俋,8,2,N
內政委員會,00037,邱文彥,8,2,N
內政委員會,00040,姚文智,8,2,Y
內政委員會,00042,段宜康,8,2,N
內政委員會,00044,紀國棟,8,2,N
內政委員會,00047,徐欣瑩,8,2,N
內政委員會,00052,高金素梅,8,2,N
內政委員會,00054,張慶忠,8,2,Y
內政委員會,00055,張曉風,8,2,N
內政委員會,00059,陳其邁,8,2,N
內政委員會,00066,陳超明,8,2,N
內政委員會,00074,黃文玲,8,2,N
內政委員會,00010,江啟臣,8,3,Y
內政委員會,00014,吳育昇,8,3,N
內政委員會,00020,李俊俋,8,3,Y
內政委員會,00037,邱文彥,8,3,N
內政委員會,00040,姚文智,8,3,N
內政委員會,00042,段宜康,8,3,N
內政委員會,00044,紀國棟,8,3,N
內政委員會,00047,徐欣瑩,8,3,N
內政委員會,00052,高金素梅,8,3,N
內政委員會,00054,張慶忠,8,3,N
內政委員會,00059,陳其邁,8,3,N
內政委員會,00066,陳超明,8,3,N
內政委員會,00074,黃文玲,8,3,N
內政委員會,00115,陳怡潔,8,3,N
內政委員會,00010,江啟臣,8,4,N
內政委員會,00014,吳育昇,8,4,N
內政委員會,00020,李俊俋,8,4,N
內政委員會,00037,邱文彥,8,4,N
內政委員會,00040,姚文智,8,4,N
內政委員會,00042,段宜康,8,4,Y
內政委員會,00044,紀國棟,8,4,N
內政委員會,00047,徐欣瑩,8,4,N
內政委員會,00052,高金素梅,8,4,N
內政委員會,00054,張慶忠,8,4,Y
內政委員會,00059,陳其邁,8,4,N
內政委員會,00066,陳超明,8,4,N
內政委員會,00074,黃文玲,8,4,N
內政委員會,00115,陳怡潔,8,4,N
內政委員會,00014,吳育昇,8,5,N
內政委員會,00020,李俊俋,8,5,N
內政委員會,00034,林滄敏,8,5,N
內政委員會,00037,邱文彥,8,5,N
內政委員會,00039,邱議瑩,8,5,N
內政委員會,00040,姚文智,8,5,N
內政委員會,00042,段宜康,8,5,N
內政委員會,00044,紀國棟,8,5,N
內政委員會,00054,張慶忠,8,5,Y
內政委員會,00059,陳其邁,8,5,Y
內政委員會,00066,陳超明,8,5,N
內政委員會,00098,鄭天財 Sra Kacaw,8,5,N
內政委員會,00102,盧嘉辰,8,5,N
內政委員會,00118,周倪安,8,5,N
內政委員會,00014,吳育昇,8,6,Y
內政委員會,00020,李俊俋,8,6,Y
內政委員會,00034,林滄敏,8,6,N
內政委員會,00037,邱文彥,8,6,N
內政委員會,00039,邱議瑩,8,6,N
內政委員會,00040,姚文智,8,6,N
內政委員會,00042,段宜康,8,6,N
內政委員會,00044,紀國棟,8,6,N
內政委員會,00054,張慶忠,8,6,N
內政委員會,00059,陳其邁,8,6,N
內政委員會,00066,陳超明,8,6,N
內政委員會,00098,鄭天財 Sra Kacaw,8,6,N
內政委員會,00102,盧嘉辰,8,6,N
內政委員會,00118,周倪安,8,6,N
內政委員會,00014,吳育昇,8,7,N
內政委員會,00020,李俊俋,8,7,N
內政委員會,00037,邱文彥,8,7,N
內政委員會,00040,姚文智,8,7,Y
內政委員會,00042,段宜康,8,7,N
內政委員會,00054,張慶忠,8,7,Y
內政委員會,00059,陳其邁,8,7,N
內政委員會,00066,陳超明,8,7,N
內政委員會,00098,鄭天財 Sra Kacaw,8,7,N
內政委員會,00102,盧嘉辰,8,7,N
內政委員會,00115,陳怡潔,8,7,N
內政委員會,00118,周倪安,8,7,N
內政委員會,00119,徐志榮,8,7,N
內政委員會,00120,莊瑞雄,8,7,N
內政委員會,00014,吳育昇,8,8,N
內政委員會,00020,李俊俋,8,8,N
內政委員會,00037,邱文彥,8,8,Y
內政委員會,00040,姚文智,8,8,N
內政委員會,00042,段宜康,8,8,Y
內政委員會,00054,張慶忠,8,8,N
內政委員會,00059,陳其邁,8,8,N
內政委員會,00066,陳超明,8,8,N
內政委員會,00098,鄭天財 Sra Kacaw,8,8,N
內政委員會,00102,盧嘉辰,8,8,N
內政委員會,00115,陳怡潔,8,8,N
內政委員會,00118,周倪安,8,8,N
內政委員會,00119,徐志榮,8,8,N
內政委員會,00120,莊瑞雄,8,8,N
內政委員會,00017,吳琪銘,9,1,N
內政委員會,00021,李俊俋,9,1,N
內政委員會,00025,谷辣斯．尤達卡Kolas Yotaka,9,1,N
內政委員會,00035,林麗蟬,9,1,N
內政委員會,00038,姚文智,9,1,N
內政委員會,00042,洪宗熠,9,1,N
內政委員會,00047,徐榛蔚,9,1,N
內政委員會,00055,莊瑞雄,9,1,N
內政委員會,00059,陳其邁,9,1,Y
內政委員會,00061,陳怡潔,9,1,N
內政委員會,00067,陳超明,9,1,N
內政委員會,00075,黃昭順,9,1,Y
內政委員會,00080,楊鎮浯,9,1,N
內政委員會,00084,趙天麟,9,1,N
內政委員會,00102,賴瑞隆,9,1,N
內政委員會,00017,吳琪銘,9,2,N
內政委員會,00021,李俊俋,9,2,N
內政委員會,00025,谷辣斯．尤達卡Kolas Yotaka,9,2,N
內政委員會,00035,林麗蟬,9,2,N
內政委員會,00038,姚文智,9,2,N
內政委員會,00042,洪宗熠,9,2,N
內政委員會,00047,徐榛蔚,9,2,N
內政委員會,00055,莊瑞雄,9,2,N
內政委員會,00059,陳其邁,9,2,N
內政委員會,00061,陳怡潔,9,2,N
內政委員會,00067,陳超明,9,2,Y
內政委員會,00075,黃昭順,9,2,N
內政委員會,00080,楊鎮浯,9,2,N
內政委員會,00084,趙天麟,9,2,Y
內政委員會,00102,賴瑞隆,9,2,N
內政委員會,00017,吳琪銘,9,3,N
內政委員會,00025,谷辣斯．尤達卡Kolas Yotaka,9,3,N
內政委員會,00035,林麗蟬,9,3,N
內政委員會,00038,姚文智,9,3,Y
內政委員會,00042,洪宗熠,9,3,N
內政委員會,00052,張宏陸,9,3,N
內政委員會,00059,陳其邁,9,3,N
內政委員會,00061,陳怡潔,9,3,N
內政委員會,00072,曾銘宗,9,3,Y
內政委員會,00075,黃昭順,9,3,N
內政委員會,00084,趙天麟,9,3,N
內政委員會,00095,鄭天財 Sra Kacaw,9,3,N
內政委員會,00102,賴瑞隆,9,3,N
內政委員會,00106,顏寬恒,9,3,N
內政委員會,00017,吳琪銘,9,4,N
內政委員會,00025,谷辣斯．尤達卡Kolas Yotaka,9,4,N
內政委員會,00035,林麗蟬,9,4,N
內政委員會,00038,姚文智,9,4,N
內政委員會,00042,洪宗熠,9,4,N
內政委員會,00052,張宏陸,9,4,N
內政委員會,00059,陳其邁,9,4,N
內政委員會,00061,陳怡潔,9,4,N
內政委員會,00072,曾銘宗,9,4,N
內政委員會,00075,黃昭順,9,4,N
內政委員會,00084,趙天麟,9,4,N
內政委員會,00095,鄭天財 Sra Kacaw,9,4,Y
內政委員會,00102,賴瑞隆,9,4,Y
內政委員會,00106,顏寬恒,9,4,N
內政委員會,00017,吳琪銘,9,5,N
內政委員會,00025,谷辣斯．尤達卡Kolas Yotaka,9,5,N
內政委員會,00032,林淑芬,9,5,N
內政委員會,00038,姚文智,9,5,N
內政委員會,00042,洪宗熠,9,5,Y
內政委員會,00052,張宏陸,9,5,N
內政委員會,00054,張麗善,9,5,N
內政委員會,00061,陳怡潔,9,5,N
內政委員會,00075,黃昭順,9,5,N
內政委員會,00080,楊鎮浯,9,5,Y
內政委員會,00083,管碧玲,9,5,N
內政委員會,00085,趙正宇,9,5,N
內政委員會,00086,劉世芳,9,5,N
內政委員會,00095,鄭天財 Sra Kacaw,9,5,N
內政委員會,00017,吳琪銘,9,6,N
內政委員會,00032,林淑芬,9,6,N
內政委員會,00038,姚文智,9,6,N
內政委員會,00042,洪宗熠,9,6,N
內政委員會,00052,張宏陸,9,6,N
內政委員會,00061,陳怡潔,9,6,N
內政委員會,00075,黃昭順,9,6,Y
內政委員會,00080,楊鎮浯,9,6,N
內政委員會,00083,管碧玲,9,6,Y
內政委員會,00085,趙正宇,9,6,N
內政委員會,00086,劉世芳,9,6,N
內政委員會,00095,鄭天財 Sra Kacaw,9,6,N
內政委員會,00118,蔣絜安,9,6,N
內政委員會,00119,林奕華,9,6,N
內政委員會,00017,吳琪銘,9,7,N
內政委員會,00019,呂孫綾,9,7,N
內政委員會,00021,李俊俋,9,7,N
內政委員會,00031,林為洲,9,7,Y
內政委員會,00035,林麗蟬,9,7,N
內政委員會,00042,洪宗熠,9,7,N
內政委員會,00051,高潞．以用．巴魕剌Kawlo．Iyun．Pacidal,9,7,N
內政委員會,00052,張宏陸,9,7,Y
內政委員會,00058,許毓仁,9,7,N
內政委員會,00061,陳怡潔,9,7,N
內政委員會,00075,黃昭順,9,7,N
內政委員會,00085,趙正宇,9,7,N
內政委員會,00086,劉世芳,9,7,N
內政委員會,00118,蔣絜安,9,7,N
內政委員會,00054,張麗善,9,6,N
內政委員會,00124,余天,9,7,N
內政委員會,00017,吳琪銘,9,8,N
內政委員會,00019,呂孫綾,9,8,N
內政委員會,00021,李俊俋,9,8,Y
內政委員會,00031,林為洲,9,8,Y
內政委員會,00035,林麗蟬,9,8,N
內政委員會,00042,洪宗熠,9,8,N
內政委員會,00052,張宏陸,9,8,N
內政委員會,00058,許毓仁,9,8,N
內政委員會,00061,陳怡潔,9,8,N
內政委員會,00075,黃昭順,9,8,N
內政委員會,00085,趙正宇,9,8,N
內政委員會,00086,劉世芳,9,8,N
內政委員會,00118,蔣絜安,9,8,N
內政委員會,00124,余天,9,8,N
內政委員會,00128,鄭秀玲,9,8,N
內政委員會,00003,王美惠,10,1,N
內政委員會,00016,吳琪銘,10,1,N
內政委員會,00021,沈發惠,10,1,N
內政委員會,00023,林文瑞,10,1,N
內政委員會,00028,林思銘,10,1,N
內政委員會,00049,張宏陸,10,1,N
內政委員會,00051,張其祿,10,1,N
內政委員會,00059,陳玉珍,10,1,Y
內政委員會,00073,湯蕙禎,10,1,N
內政委員會,00075,黃世杰,10,1,N
內政委員會,00082,游毓蘭,10,1,N
內政委員會,00085,管碧玲,10,1,Y
內政委員會,00096,鄭天財 Sra Kacaw,10,1,N
內政委員會,00104,賴惠員,10,1,N
內政委員會,00109,羅美玲,10,1,N
內政委員會,00003,王美惠,10,2,N
內政委員會,00016,吳琪銘,10,2,N
內政委員會,00021,沈發惠,10,2,Y
內政委員會,00023,林文瑞,10,2,N
內政委員會,00028,林思銘,10,2,N
內政委員會,00049,張宏陸,10,2,N
內政委員會,00051,張其祿,10,2,N
內政委員會,00059,陳玉珍,10,2,N
內政委員會,00073,湯蕙禎,10,2,N
內政委員會,00075,黃世杰,10,2,N
內政委員會,00082,游毓蘭,10,2,N
內政委員會,00085,管碧玲,10,2,N
內政委員會,00096,鄭天財 Sra Kacaw,10,2,Y
內政委員會,00104,賴惠員,10,2,N
內政委員會,00109,羅美玲,10,2,N
內政委員會,00003,王美惠,10,3,N
內政委員會,00005,伍麗華Saidhai‧Tahovecahe,10,3,N
內政委員會,00012,吳怡玎,10,3,N
內政委員會,00016,吳琪銘,10,3,N
內政委員會,00023,林文瑞,10,3,N
內政委員會,00028,林思銘,10,3,Y
內政委員會,00030,林為洲,10,3,N
內政委員會,00038,邱顯智,10,3,N
內政委員會,00049,張宏陸,10,3,N
內政委員會,00053,莊瑞雄,10,3,Y
內政委員會,00073,湯蕙禎,10,3,N
內政委員會,00100,魯明哲,10,3,N
內政委員會,00085,管碧玲,10,3,N
內政委員會,00109,羅美玲,10,3,N
內政委員會,00003,王美惠,10,4,N
內政委員會,00005,伍麗華Saidhai‧Tahovecahe,10,4,N
內政委員會,00012,吳怡玎,10,4,N
內政委員會,00016,吳琪銘,10,4,Y
內政委員會,00023,林文瑞,10,4,N
內政委員會,00028,林思銘,10,4,N
內政委員會,00030,林為洲,10,4,Y
內政委員會,00038,邱顯智,10,4,N
內政委員會,00049,張宏陸,10,4,N
內政委員會,00053,莊瑞雄,10,4,N
內政委員會,00073,湯蕙禎,10,4,N
內政委員會,00085,管碧玲,10,4,N
內政委員會,00100,魯明哲,10,4,N
內政委員會,00109,羅美玲,10,4,N
內政委員會,00003,王美惠,10,5,N
內政委員會,00005,伍麗華Saidhai‧Tahovecahe,10,5,N
內政委員會,00016,吳琪銘,10,5,N
內政委員會,00020,李德維,10,5,N
內政委員會,00023,林文瑞,10,5,N
內政委員會,00044,翁重鈞,10,5,N
內政委員會,00049,張宏陸,10,5,Y
內政委員會,00053,莊瑞雄,10,5,N
內政委員會,00073,湯蕙禎,10,5,N
內政委員會,00085,管碧玲,10,5,N
內政委員會,00096,鄭天財 Sra Kacaw,10,5,Y
內政委員會,00099,鄭麗文,10,5,N
內政委員會,00103,賴香伶,10,5,N
內政委員會,00109,羅美玲,10,5,N
內政委員會,00003,王美惠,10,6,Y
內政委員會,00005,伍麗華Saidhai‧Tahovecahe,10,6,N
內政委員會,00016,吳琪銘,10,6,N
內政委員會,00020,李德維,10,6,N
內政委員會,00023,林文瑞,10,6,Y
內政委員會,00044,翁重鈞,10,6,N
內政委員會,00049,張宏陸,10,6,N
內政委員會,00053,莊瑞雄,10,6,N
內政委員會,00073,湯蕙禎,10,6,N
內政委員會,00085,管碧玲,10,6,N
內政委員會,00099,鄭麗文,10,6,N
內政委員會,00103,賴香伶,10,6,N
內政委員會,00109,羅美玲,10,6,N
內政委員會,00096,鄭天財 Sra Kacaw,10,6,N
內政委員會,00003,王美惠,10,7,N
內政委員會,00005,伍麗華Saidhai‧Tahovecahe,10,7,N
內政委員會,00020,李德維,10,7,N
內政委員會,00023,林文瑞,10,7,N
內政委員會,00049,張宏陸,10,7,N
內政委員會,00053,莊瑞雄,10,7,Y
內政委員會,00059,陳玉珍,10,7,Y
內政委員會,00072,游錫堃,10,7,N
內政委員會,00075,黃世杰,10,7,N
內政委員會,00082,游毓蘭,10,7,N
內政委員會,00096,鄭天財 Sra Kacaw,10,7,N
內政委員會,00102,賴品妤,10,7,N
內政委員會,00109,羅美玲,10,7,N
內政委員會,00116,陳琬惠,10,7,N