term,name,ename,sex,party,partyGroup,areaName,committee,onboardDate,degree,tel,experience,fax,addr,picUrl,leaveFlag,leaveDate,leaveReason
10,孔文吉,Kung Wen-Chi,男,中國國民黨,中國國民黨,山地原住民選舉區,第10屆第1會期：經濟委員會;第10屆第2會期：經濟委員會;第10屆第3會期：經濟委員會;第10屆第3會期：紀律委員會;第10屆第4會期：經濟委員會;第10屆第5會期：經濟委員會;第10屆第6會期：經濟委員會;第10屆第7會期：經濟委員會;,2020/02/01,英國羅芙堡大學(Loughborough University)社會學系媒體研究組博士;美國奧勒岡大學(University of Oregon)新聞碩士;台灣大學外文系,國會研究室：02-2358-8246;埔里服務處：04-9299-0078,第六、七、八、九、十屆立法委員台北市政府原住民事務委員會主任委員內政部民政司專員行政院新聞局聯絡室秘書財團法人公共電視文化事業基金會董事朝陽科技大學及文藻外語專科學校助理教授東吳大學、東華大學、花蓮師範學院兼任助理教授,國會研究室：02-2358-8250;埔里服務處：04-9299-7078,國會研究室：100224台北市中正區濟南路1段3之1號0203室;埔里服務處：545020南投縣埔里鎮慈恩街31號,http://www.ly.gov.tw//Images/Legislators/100001.jpg,否,,
10,王定宇,Wang Ting-Yu,男,民主進步黨,民主進步黨,臺南市第6選舉區,第10屆第1會期：外交及國防委員會;第10屆第2會期：外交及國防委員會;第10屆第2會期：紀律委員會;第10屆第2會期：修憲委員會;第10屆第3會期：外交及國防委員會;第10屆第3會期：修憲委員會;第10屆第4會期：外交及國防委員會;第10屆第5會期：外交及國防委員會;第10屆第6會期：外交及國防委員會;第10屆第6會期：紀律委員會;第10屆第7會期：外交及國防委員會;,2020/02/01,國立臺北大學企管博士;國立成功大學企管碩士;國立成功大學外文系,國會研究室：02-2358-8211;南關線服務處：06-330-2318;東區服務處：06-238-8088,2002年-2006年 台南市第15屆市議員2006年-2010年 台南市第16屆市議員2010年-2014年 第1屆臺南直轄市議員2016年-2020年 第九屆立法委員民進黨第15、16、17屆中執委/第18屆中常委2020年 2月-   第10屆立法委員,國會研究室：02-2358-8215;南關線服務處：06-338-7412;東區服務處：06-236-6188,國會研究室：100221台北市中正區青島東路1號3205室;南關線服務處：711012台南市歸仁區中山路三段70號;東區服務處：701011台南市東區裕農路296-21號,http://www.ly.gov.tw//Images/Legislators/100002.jpg,否,,
10,王美惠,WangMei-Hui,女,民主進步黨,民主進步黨,嘉義市選舉區,第10屆第1會期：內政委員會;第10屆第2會期：內政委員會;第10屆第3會期：內政委員會;第10屆第3會期：經費稽核委員會;第10屆第4會期：內政委員會;第10屆第4會期：經費稽核委員會;第10屆第5會期：內政委員會;第10屆第5會期：經費稽核委員會;第10屆第6會期：內政委員會;第10屆第6會期：紀律委員會;第10屆第6會期：經費稽核委員會;第10屆第7會期：內政委員會;第10屆第7會期：經費稽核委員會;,2020/02/01,嘉義大學ＥＭＢＡ碩士,國會研究室：02-2358-8561;嘉義服務處：05-277-9699,嘉義市第7屆至第10屆議員民主進步黨全國黨代表嘉義市扁友會後援會副總幹事511台灣正名運動嘉義代表台灣一邊一國嘉義代表前市議員江熙哲(江總)服務處主任,國會研究室：02-2358-8565;嘉義服務處：05-277-6029,國會研究室：100224台北市中正區濟南路1段3之1號1105室;嘉義服務處：600013嘉義市東區公明路152號,http://www.ly.gov.tw//Images/Legislators/100003.jpg,否,,
10,王婉諭,WangWan-Yu,女,時代力量,時代力量,全國不分區及僑居國外國民,第10屆第1會期：社會福利及衛生環境委員會;第10屆第1會期：經費稽核委員會;第10屆第2會期：社會福利及衛生環境委員會;第10屆第2會期：經費稽核委員會;第10屆第3會期：教育及文化委員會;第10屆第4會期：教育及文化委員會;第10屆第5會期：教育及文化委員會;第10屆第6會期：教育及文化委員會;第10屆第7會期：社會福利及衛生環境委員會;,2020/02/01,苗栗市建功國小;私立衛道中學;台灣大學 地質科學學士;美國南加大(University of Southern California) 材料科學系碩士,國會研究室：02-2358-6376;新北服務處：02-2250-3225;竹南服務處：037-465-009;宜蘭服務處：03-932-1190,新竹科學園區研發工程師新竹科學園區行銷副理台元科技園區行銷經理司法改革國是會議委員,國會研究室：02-2358-6380;新北服務處：02-2250-3132;竹南服務處：037-465-008,國會研究室：100221台北市中正區青島東路1號3306室;新北服務處：220002新北市板橋區文化路一段102號3樓;竹南服務處：350002苗栗縣竹南鎮環市路二段213號;宜蘭服務處：260030宜蘭縣宜蘭市女中路三段43號,http://www.ly.gov.tw//Images/Legislators/100004.jpg,否,,
10,伍麗華Saidhai‧Tahovecahe,WuLi-Hua,女,民主進步黨,民主進步黨,山地原住民選舉區,第10屆第1會期：教育及文化委員會;第10屆第2會期：教育及文化委員會;第10屆第2會期：修憲委員會;第10屆第3會期：內政委員會;第10屆第3會期：修憲委員會;第10屆第4會期：內政委員會;第10屆第5會期：內政委員會;第10屆第6會期：內政委員會;第10屆第7會期：內政委員會;,2020/02/01,國立屏東大學教育行政研究所博士班(104-) ;屏東師範學院（現為國立屏東大學）國民教育研究所碩士(85-87) ;屏東師範學院（現為國立屏東大學）(80-84) ;屏東師專(73-78),國會研究室：02-2358-8258;屏東服務處：08-723-5625,泰武國小校長 地磨兒國小校長 屏東縣政府原住民處處長,國會研究室：02-2358-8260;屏東服務處：08-723-5625,國會研究室：100224台北市中正區濟南路1段3之1號2101室;屏東服務處：900021屏東縣屏東市香揚巷58號,http://www.ly.gov.tw//Images/Legislators/100005.jpg,否,,
10,江永昌,Chiang Yung-Chang,男,民主進步黨,民主進步黨,新北市第8選舉區,第10屆第1會期：財政委員會;第10屆第2會期：財政委員會;第10屆第3會期：司法及法制委員會;第10屆第4會期：司法及法制委員會;第10屆第5會期：司法及法制委員會;第10屆第6會期：司法及法制委員會;第10屆第7會期：司法及法制委員會;,2020/02/01,中和國小;海山國中;建國高中;中興大學物理學士;臺灣師範大學政治碩士;臺灣大學工業工程碩士;臺灣科技大學財務金融碩士,國會研究室：02-2358-8199;中和服務處：02-2249-7899,公督盟、口袋國會雙認證優秀立委立法院院會及委員會法案與預算審查出席率、質詢率皆百分百第九屆立法委員第一、二屆新北市議員第十六屆台北縣議員中和市市民代表立委趙永清國會助理陽光之友協會理事長新北市義消,國會研究室：02-2358-8200;中和服務處：02-2249-7999,國會研究室：100224台北市中正區濟南路1段3之1號2123室;中和服務處：235068新北市中和區中和路44號2樓,http://www.ly.gov.tw//Images/Legislators/100006.jpg,否,,
10,江啟臣,Chiang Chi-Chen,男,中國國民黨,中國國民黨,臺中市第8選舉區,第10屆第1會期：外交及國防委員會;第10屆第2會期：外交及國防委員會;第10屆第3會期：外交及國防委員會;第10屆第4會期：外交及國防委員會;第10屆第5會期：外交及國防委員會;第10屆第5會期：紀律委員會;第10屆第6會期：外交及國防委員會;第10屆第7會期：外交及國防委員會;,2020/02/01,美國南卡羅萊納大學國際關係博士 ;美國匹茲堡大學公共暨國際事務學院國際事務碩士 ;國立政治大學外交學系學士 ;台中一中;豐南國中;瑞穗國小,國會研究室：02-2358-6726;豐原服務處：04-2515-9998;東勢服務處：04-2577-3099,中華民國第八、九屆立法委員(台中市)中國國民黨立法院黨團第九屆六、七會期總召中國國民黨立法院黨團第九屆第二會期書記長中國國民黨政策委員會執行長中國國民黨中常委立法院中華民國與新加坡國會議員友好協會會長立法院中華民國與英國國會議員友好協會會長 行政院新聞局局長東吳大學政治系專任副教授 台灣經濟研究院國際處代處長中華台北APEC研究中心副執行長太平洋經濟合作理事會（PECC）中華民國委員會副秘書長台灣經濟研究院國際處副處長東吳大學政治系專任助理教授 台灣經濟研究院副研究員行政院一等功績獎章中央社二○○六年台灣十大潛力人物,國會研究室：02-2358-6730;豐原服務處：04-2515-6798;東勢服務處：04-2577-3167,國會研究室：100224台北市中正區濟南路1段3之1號2102室;豐原服務處：420076臺中市豐原區豐原大道四段165號;東勢服務處：423020臺中市東勢區公園路36號,http://www.ly.gov.tw//Images/Legislators/100007.jpg,否,,
10,何志偉,Ho Mark Chih Wei,男,民主進步黨,民主進步黨,臺北市第2選舉區,第10屆第1會期：外交及國防委員會;第10屆第2會期：外交及國防委員會;第10屆第2會期：修憲委員會;第10屆第3會期：司法及法制委員會;第10屆第3會期：修憲委員會;第10屆第4會期：司法及法制委員會;第10屆第5會期：外交及國防委員會;第10屆第6會期：外交及國防委員會;第10屆第7會期：外交及國防委員會;,2020/02/01,美國南加州大學公共行政碩士;國立政治大學資訊管理博士班,國會研究室：02-2358-6356;士林服務處：02-2811-4556;後港聯絡處：02-2883-9006;北投聯合服務處：02-2891-5265;大同服務處：02-2595-7980,中華民國第九屆立法委員第十一、十二屆臺北市議員民進黨第十四、十五屆中常委民進黨第十六屆中評委臺北市中醫師公會首席顧問臺北市幼教協會顧問寶島新聲電台主持人八二三戰役戰友協會顧問美國哈彿大學全球健康研究所認證「伊波拉的教訓：預防下一次的疫情」臺美國會議員聯誼會秘書長,國會研究室：02-2358-6185;士林服務處：02-2813-3582;後港聯絡處：02-2883-0263;北投聯合服務處：02-2891-3096;大同服務處：02-2595-2213,國會研究室：100024台北市中正區濟南路一段3-1號501室;士林服務處：111062台北市士林區重慶北路四段186號;後港聯絡處：111056台北市士林區華齡街88號;北投聯合服務處：112009台北市北投區大同街221號;大同服務處：103038台北市大同區昌吉街36號1樓,http://www.ly.gov.tw//Images/Legislators/100008.jpg,否,,
10,何欣純,Ho Hsin-Chun,女,民主進步黨,民主進步黨,臺中市第7選舉區,第10屆第1會期：交通委員會;第10屆第1會期：經費稽核委員會;第10屆第2會期：經費稽核委員會;第10屆第3會期：經濟委員會;第10屆第3會期：經費稽核委員會;第10屆第4會期：經濟委員會;第10屆第4會期：經費稽核委員會;第10屆第5會期：教育及文化委員會;第10屆第5會期：經費稽核委員會;第10屆第6會期：教育及文化委員會;第10屆第6會期：經費稽核委員會;第10屆第7會期：交通委員會;,2020/02/01,英國約克大學碩士;國立成功大學;臺中女中;成功國中;塗城國小,國會研究室：02-2358-8388;大里服務處：04-2483-6527;太平服務處：04-2276-3111,第九屆立法委員第九屆第五會期立法院民進黨黨團幹事長第九屆第四會期立法院民進黨黨團書記長第八屆立法委員第一屆大臺中市議員(縣市合併後)第十五、十六屆臺中縣議員,國會研究室：02-2358-8390;大里服務處：04-2482-8743;太平服務處：04-2276-3555,國會研究室：100024台北市中正區濟南路1段3之1號0301室;大里服務處：412015臺中市大里區大里路62號;太平服務處：411042臺中市太平區新平路二段142號,http://www.ly.gov.tw//Images/Legislators/100009.jpg,否,,
10,余天,YuTien,男,民主進步黨,民主進步黨,新北市第3選舉區,第10屆第1會期：財政委員會;第10屆第2會期：財政委員會;第10屆第3會期：財政委員會;第10屆第4會期：財政委員會;第10屆第5會期：財政委員會;第10屆第6會期：財政委員會;第10屆第7會期：財政委員會;,2020/02/01,新竹縣立第一中學附設補習學校,國會研究室：02-2358-6036;三重服務處：02-2986-9783,現任第10屆立法委員現任民進黨新北市黨部第五屆主任委員第七屆立法委員民進黨第十六屆中央執行委員民進黨新北市黨部第四屆主任委員台灣媳婦關懷促進協會理事長中華民國歌舞藝能服務人員職業工會聯合總工會理事長臺北市歌舞藝能服務人員職業工會理事長中華民國關懷藝人基金會董事,國會研究室：02-2358-6040;三重服務處：02-2986-9507,國會研究室：100221台北市中正區青島東路1號3103室;三重服務處：241067新北市三重區忠孝路一段153號1樓,http://www.ly.gov.tw//Images/Legislators/100010.jpg,否,,
10,吳玉琴,Wu Yu-Chin,女,民主進步黨,民主進步黨,全國不分區及僑居國外國民,第10屆第1會期：司法及法制委員會;第10屆第1會期：程序委員會;第10屆第2會期：司法及法制委員會;第10屆第2會期：程序委員會;第10屆第3會期：社會福利及衛生環境委員會;第10屆第3會期：程序委員會;第10屆第4會期：社會福利及衛生環境委員會;第10屆第4會期：程序委員會;第10屆第5會期：社會福利及衛生環境委員會;第10屆第5會期：程序委員會;第10屆第6會期：社會福利及衛生環境委員會;第10屆第6會期：程序委員會;第10屆第7會期：社會福利及衛生環境委員會;第10屆第7會期：程序委員會;,2020/02/01,東海大學社會工作所碩士;政治大學社會學系學士,國會研究室：02-2358-6046,中華民國老人推動聯盟 秘書長財團法人導航基金會 執行長台灣社會福利總盟 理事長,國會研究室：02-2358-6050,國會研究室：100224台北市中正區濟南路1段3之1號0402室,http://www.ly.gov.tw//Images/Legislators/100011.jpg,否,,
10,吳怡玎,WuI-Ding,女,中國國民黨,中國國民黨,全國不分區及僑居國外國民,第10屆第1會期：司法及法制委員會;第10屆第2會期：司法及法制委員會;第10屆第2會期：修憲委員會;第10屆第3會期：內政委員會;第10屆第3會期：修憲委員會;第10屆第4會期：內政委員會;第10屆第5會期：教育及文化委員會;第10屆第5會期：程序委員會;第10屆第6會期：教育及文化委員會;第10屆第6會期：程序委員會;第10屆第7會期：司法及法制委員會;第10屆第7會期：程序委員會;,2020/02/01,英國倫敦帝國理工學院統計博士;英國南安普敦大學運籌碩士;國立臺灣大學管理學士,國會研究室：02-2358-6231,高盛集團副總裁投資管理認證,國會研究室：02-2358-6235,國會研究室：100221台北市中正區青島東路1號3406室,http://www.ly.gov.tw//Images/Legislators/100012.jpg,否,,
10,吳秉叡,WuPing-Jui,男,民主進步黨,民主進步黨,新北市第4選舉區,第10屆第1會期：財政委員會;第10屆第2會期：財政委員會;第10屆第2會期：紀律委員會;第10屆第3會期：財政委員會;第10屆第4會期：財政委員會;第10屆第5會期：財政委員會;第10屆第6會期：財政委員會;第10屆第7會期：財政委員會;,2020/02/01,士林國小;士林國中;成功高中;國立政治大學法律系法學組學士;國立政治大學法律研究所碩士;司法官訓練所29期,國會研究室：02-2358-6851;新北總服務處：02-8522-5786;大新莊服務處：02-2276-8287;福營服務處：02-2208-3852,野百合學運政大學生代表臺東地方法院法官、律師臺灣司法改革連線成員、凱達格蘭學校國策班第1期臺北縣政府縣長機要秘書第6屆立法委員民進黨臺北縣、新北市黨部主委第8屆不分區立法委員、第4、5會期民進黨立法院黨團書記長第9屆區域立法委員、第1、2會期民進黨立法院黨團幹事長,國會研究室：02-2358-6859;新北總服務處：02-8522-5726;大新莊服務處：02-2277-5657;福營服務處：02-2208-3853,國會研究室：100224台北市中正區濟南路1段3之1號0902室;新北總服務處：242043新北市新莊區化成路814巷1號;大新莊服務處：242026新北市新莊區中原路327號1樓;福營服務處：242051新北市新莊區後港一路130巷17號1樓,http://www.ly.gov.tw//Images/Legislators/100013.jpg,否,,
10,吳思瑤,WuSzu-Yao,女,民主進步黨,民主進步黨,臺北市第1選舉區,第10屆第1會期：教育及文化委員會;第10屆第2會期：教育及文化委員會;第10屆第2會期：紀律委員會;第10屆第2會期：修憲委員會;第10屆第3會期：教育及文化委員會;第10屆第3會期：修憲委員會;第10屆第4會期：教育及文化委員會;第10屆第5會期：教育及文化委員會;第10屆第6會期：教育及文化委員會;第10屆第7會期：教育及文化委員會;,2020/02/01,臺灣大學政治學研究所碩士;輔仁大學西語系、日語系文學雙學士,國會研究室：02-2358-8131;北投服務處：02-2820-5800,臺北市議員(第10、11、12屆)臺北市議會民進黨團總召集人2010美國國務院國際訪問領袖計畫台灣政治人物代表民進黨中常委、中執委、中評委、發言人第9屆立法委員,國會研究室：02-2358-8135;北投服務處：02-2820-3500,國會研究室：100221台北市中正區青島東路1號3108室;北投服務處：112059臺北市北投區承德路七段196號,http://www.ly.gov.tw//Images/Legislators/100014.jpg,否,,
10,吳斯懷,WuSz-Huai,男,中國國民黨,中國國民黨,全國不分區及僑居國外國民,第10屆第1會期：社會福利及衛生環境委員會;第10屆第2會期：社會福利及衛生環境委員會;第10屆第3會期：司法及法制委員會;第10屆第4會期：司法及法制委員會;第10屆第5會期：外交及國防委員會;第10屆第5會期：程序委員會;第10屆第6會期：外交及國防委員會;第10屆第6會期：程序委員會;第10屆第7會期：外交及國防委員會;第10屆第7會期：程序委員會;,2020/02/01,陸軍官校43期;國防大學陸軍指參學院74年班;國防大學戰爭學院80年班,國會研究室：02-2358-6901,國防部參謀本部作戰及計畫參謀次長聯準室主任陸軍司令部情報署長作戰署長澎防部指揮官六軍團指揮官教準部指揮官陸軍副司令,國會研究室：02-2358-6905,國會研究室：100224台北市中正區濟南路1段3之1號2112室,http://www.ly.gov.tw//Images/Legislators/100015.jpg,否,,
10,吳琪銘,Wu Chi-Ming,男,民主進步黨,民主進步黨,新北市第10選舉區,第10屆第1會期：內政委員會;第10屆第2會期：內政委員會;第10屆第3會期：內政委員會;第10屆第4會期：內政委員會;第10屆第5會期：內政委員會;第10屆第6會期：內政委員會;第10屆第7會期：司法及法制委員會;,2020/02/01,世新大學企業管理學系碩士,國會研究室：02-2358-6316;土城服務處：02-2270-1580;三峽服務處：02-2673-2636,立法院民進黨團副書記長新北市消防局義勇消防隊第五大隊大隊長新北市雲林同鄉會總召集人新北市慢速壘球委員會理事長新北市礦工協會榮譽理事長大漢溪文教基金會常務董事新北市議員台北縣議員任務型國大代表土城市市民代表,國會研究室：02-2358-6320;土城服務處：02-2270-0802;三峽服務處：02-8671-6968,國會研究室：100224臺北市中正區濟南路1段3-1號0606室;土城服務處：236003新北市土城區金城路三段172-1號;三峽服務處：237001新北市三峽區中正路一段218號,http://www.ly.gov.tw//Images/Legislators/100016.jpg,否,,
10,呂玉玲,Lu Yu-Ling,女,中國國民黨,中國國民黨,桃園市第5選舉區,第10屆第1會期：外交及國防委員會;第10屆第1會期：紀律委員會;第10屆第2會期：外交及國防委員會;第10屆第2會期：紀律委員會;第10屆第3會期：經濟委員會;第10屆第4會期：經濟委員會;第10屆第5會期：經濟委員會;第10屆第6會期：經濟委員會;第10屆第7會期：經濟委員會;,2020/02/01,中原大學商學院企業管理學系碩士;桃園創新技術學院企業管理系;育達商職;中壢國中;中壢國小,國會研究室：02-2358-6836;平鎮服務處：03-401-5616;龍潭服務處：03-409-6688,第八、九、十屆立法委員珍珠國際同濟會第十屆會長婦聯青溪桃園縣支會主任委員桃園市守望相助大隊平鎮中隊中隊長國立中央大學客家書院執行委員平鎮市社區營造協會理事長平鎮市體育會理事長桃園縣平鎮市婦女會理事長,國會研究室：02-2358-6840;平鎮服務處：03-401-0616;龍潭服務處：03-409-7899,國會研究室：100224台北市中正區濟南路1段3之1號0903室;平鎮服務處：324008桃園市平鎮區復興街68號;龍潭服務處：325012桃園市龍潭區華南路一段135號,http://www.ly.gov.tw//Images/Legislators/100017.jpg,否,,
10,李昆澤,LeeKun-Tse,男,民主進步黨,民主進步黨,高雄市第5選舉區,第10屆第1會期：交通委員會;第10屆第1會期：紀律委員會;第10屆第2會期：交通委員會;第10屆第3會期：交通委員會;第10屆第4會期：交通委員會;第10屆第5會期：交通委員會;第10屆第6會期：交通委員會;第10屆第7會期：交通委員會;,2020/02/01,國立高雄科技大學國際企業系博士班;國立中山大學政治學碩士;輔仁大學歷史系,國會研究室：02-2358-6086;高雄服務處：07-386-8292,蔡英文主席特助     陳定南立委特助第六、八、九屆立法委員（交通委員會召委）第六屆高雄市議員（民進黨團總召）第三屆國大代表（修憲小組召集人）高雄縣政府新聞室主任  台灣人權促進會總幹事台灣人權雜誌總主筆   台灣環保聯盟幹事電器維修工  成衣廠縫紉機維修工,國會研究室：02-2358-6090;高雄服務處：07-386-3277,國會研究室：100224台北市中正區濟南路1段3之1號0306室;高雄服務處：807043高雄市三民區大昌二路63號,http://www.ly.gov.tw//Images/Legislators/100018.jpg,否,,
10,李貴敏,Lee Guei-Min,女,中國國民黨,中國國民黨,全國不分區及僑居國外國民,第10屆第1會期：司法及法制委員會;第10屆第1會期：紀律委員會;第10屆第2會期：司法及法制委員會;第10屆第2會期：紀律委員會;第10屆第2會期：修憲委員會;第10屆第3會期：財政委員會;第10屆第3會期：修憲委員會;第10屆第3會期：經費稽核委員會;第10屆第4會期：財政委員會;第10屆第4會期：經費稽核委員會;第10屆第5會期：財政委員會;第10屆第6會期：財政委員會;第10屆第7會期：財政委員會;,2020/02/01,美國太平洋大學法學博士、法學碩士;國立政治大學法學碩士,國會研究室：02-2358-6707,國立交通大學兼任教授東吳大學兼任副教授第八屆立法委員,國會研究室：02-2358-6710,國會研究室：100224台北市中正區濟南路1段3之1號0705室,http://www.ly.gov.tw//Images/Legislators/100019.jpg,否,,
10,李德維,LeeDe-Wei,男,中國國民黨,中國國民黨,全國不分區及僑居國外國民,第10屆第1會期：教育及文化委員會;第10屆第1會期：程序委員會;第10屆第2會期：教育及文化委員會;第10屆第2會期：程序委員會;第10屆第2會期：修憲委員會;第10屆第3會期：教育及文化委員會;第10屆第3會期：程序委員會;第10屆第4會期：教育及文化委員會;第10屆第4會期：程序委員會;第10屆第5會期：內政委員會;第10屆第5會期：程序委員會;第10屆第5會期：經費稽核委員會;第10屆第6會期：內政委員會;第10屆第6會期：程序委員會;第10屆第6會期：經費稽核委員會;第10屆第7會期：內政委員會;第10屆第7會期：程序委員會;第10屆第7會期：經費稽核委員會;,2020/02/01,美國北愛荷華州立大學政治學碩士;東吳大學歷史系學士,國會研究室：02-2358-6781,國會助理憲兵士官大學講師青年發展基金會執行長台北市第一中央獅子會會長中國國民黨中央常務委員,國會研究室：02-2358-6785,國會研究室：100024台北市中正區濟南路1段3之1號0906室,http://www.ly.gov.tw//Images/Legislators/100020.jpg,否,,
10,沈發惠,ShenFa-Hui,男,民主進步黨,民主進步黨,全國不分區及僑居國外國民,第10屆第1會期：內政委員會;第10屆第1會期：程序委員會;第10屆第2會期：內政委員會;第10屆第2會期：程序委員會;第10屆第2會期：紀律委員會;第10屆第3會期：財政委員會;第10屆第3會期：程序委員會;第10屆第4會期：財政委員會;第10屆第4會期：程序委員會;第10屆第5會期：財政委員會;第10屆第5會期：程序委員會;第10屆第5會期：紀律委員會;第10屆第6會期：財政委員會;第10屆第6會期：程序委員會;第10屆第7會期：財政委員會;第10屆第7會期：程序委員會;,2020/02/01,東海大學法律系;台大政治學碩士,國會研究室：02-2358-6176;汐止服務處：02-2648-1647,野百合學運決策小組成員第十四、十五屆台北縣議員第六屆立法委員第一、二屆新北市議員民進黨中常委東南科技大學講師,國會研究室：02-2358-6180;汐止服務處：02-2643-3105,國會研究室：100224台北市中正區濟南路1段3之1號0305室;汐止服務處：221028新北市汐止區新昌路55號,http://www.ly.gov.tw//Images/Legislators/100021.jpg,否,,
10,周春米,Chou Chun-Mi,女,民主進步黨,民主進步黨,全國不分區及僑居國外國民,第10屆第1會期：司法及法制委員會;第10屆第1會期：程序委員會;第10屆第1會期：紀律委員會;第10屆第2會期：司法及法制委員會;第10屆第2會期：程序委員會;第10屆第2會期：修憲委員會;第10屆第3會期：教育及文化委員會;第10屆第3會期：程序委員會;第10屆第3會期：修憲委員會;第10屆第4會期：教育及文化委員會;第10屆第4會期：程序委員會;第10屆第5會期：司法及法制委員會;第10屆第6會期：司法及法制委員會;,2020/02/01,高雄女中;臺大法律學系法學組畢業,國會研究室：02-2358-8181;屏東服務處：08-733-8312;東港服務處：08-832-2331;恆春服務處：08-888-0888;內埔服務處：08-778-6756;潮州服務處：08-789-0890,台灣高雄、屏東地方法院法官執業律師屏東律師公會第28屆理事長中華民國第九屆立法委員立法院民主進步黨黨團副書記長、副幹事長立法院第九屆第六、七、八會期司法與法制委員會召集委員,國會研究室：02-2358-8185;屏東服務處：08-734-9877;東港服務處：08-832-2337;恆春服務處：08-889-9322,國會研究室：100224台北市中正區濟南路1段3之1號0603室;屏東服務處：900007屏東縣屏東市忠孝路149-3號;東港服務處：928007屏東縣東港鎮長春二路90號;恆春服務處：946001屏東縣恆春鎮恆南路74-1號;內埔服務處：912015屏東縣內埔鄉東寧村南寧路112號;潮州服務處：920003屏東縣潮州鎮盧山路45號,http://www.ly.gov.tw//Images/Legislators/100022.jpg,是,2022/12/25,辭職
10,林文瑞,LinWen-Jui,男,中國國民黨,中國國民黨,全國不分區及僑居國外國民,第10屆第1會期：內政委員會;第10屆第1會期：程序委員會;第10屆第1會期：經費稽核委員會;第10屆第2會期：內政委員會;第10屆第2會期：經費稽核委員會;第10屆第3會期：內政委員會;第10屆第4會期：內政委員會;第10屆第5會期：內政委員會;第10屆第6會期：內政委員會;第10屆第6會期：紀律委員會;第10屆第7會期：內政委員會;,2020/02/01,國立雲林科技大學－環境與安全衛生研究所碩士,國會研究室：02-2358-6196;虎尾服務處：05-632-3300,雲林農田水利會會長農田水利會聯合會會長,國會研究室：02-2358-6200;虎尾服務處：05-631-2123,國會研究室：100224台北市中正區濟南路1段3之1號0208室;虎尾服務處：632111雲林縣虎尾鎮新吉里136-1號,http://www.ly.gov.tw//Images/Legislators/100023.jpg,否,,
10,林宜瑾,Lin I-Chin,女,民主進步黨,民主進步黨,臺南市第4選舉區,第10屆第1會期：教育及文化委員會;第10屆第2會期：教育及文化委員會;第10屆第3會期：教育及文化委員會;第10屆第4會期：教育及文化委員會;第10屆第5會期：教育及文化委員會;第10屆第6會期：教育及文化委員會;第10屆第7會期：教育及文化委員會;,2020/02/01,成功大學政治經濟學碩士;東吳大學社會學系;家齊女中,國會研究室：02-2358-8316;永康服務處：06-233-9399,台南六屆議員民進黨中常委、中執委、中評委台南慢壘協會理事長台南身心障礙者體育協會創會理事長台南教師會、教育產業工會、環保局工會顧問台南醫師、建築師、建商公會顧問陳水扁及蔡英文總統造勢主持人賴清德國大代表服務處主任林義雄核四公投活動部主任野百合學運校際代表,國會研究室：02-2358-8320;永康服務處：06-233-9441,國會研究室：100224台北市中正區濟南路1段3之1號0806室;永康服務處：710031台南市永康區中山南路473號,http://www.ly.gov.tw//Images/Legislators/100024.jpg,否,,
10,林岱樺,Lin Tai-Hua,女,民主進步黨,民主進步黨,高雄市第4選舉區,第10屆第1會期：經濟委員會;第10屆第2會期：經濟委員會;第10屆第3會期：經濟委員會;第10屆第4會期：經濟委員會;第10屆第5會期：經濟委員會;第10屆第6會期：經濟委員會;第10屆第7會期：經濟委員會;,2020/02/01,私立輔仁大學德文系畢業;美國威斯康辛大學大眾傳播碩士;德國卡賽爾綜合大學德語教學研究結業;台北大學企管博士班研究,國會研究室：02-2358-8021;大寮服務處：07-781-8117,第5、6、7、8、9、10屆立法委員行政院青輔會主委民進黨第10、11屆中央執行委員民進黨第14屆中央評議委員,國會研究室：02-2358-8030;大寮服務處：07-781-8167,國會研究室：100224台北市中正區濟南路1段3之1號0706室;大寮服務處：831140高雄市大寮區力行路61號,http://www.ly.gov.tw//Images/Legislators/100025.jpg,否,,
10,林俊憲,Lin Chun-Hsien,男,民主進步黨,民主進步黨,臺南市第5選舉區,第10屆第1會期：交通委員會;第10屆第2會期：交通委員會;第10屆第3會期：交通委員會;第10屆第4會期：交通委員會;第10屆第5會期：交通委員會;第10屆第5會期：紀律委員會;第10屆第6會期：交通委員會;第10屆第7會期：交通委員會;,2020/02/01,日新國小;大成國中;台南一中畢業;國立成功大學企管系畢業;美國密蘇里大學企管碩士(U of Missouri-MBA);國立臺灣大學國家發展研究所博士班,國會研究室：02-2358-6931;東區服務處：06-209-1120;安平、南區服務處：06-292-1235;中西區服務處：06-299-8266,長榮大學國際企業系兼任講師臺南市第14屆市議員臺南市第15屆市議員臺南市第16屆市議員賴清德競選臺南市長執行總幹事民主進步黨中央黨部發言人民主進步黨中執委立法院第九屆立法委員,國會研究室：02-2358-6935;東區服務處：06-209-1150;安平、南區服務處：06-261-2117;中西區服務處：06-299-8286,國會研究室：100224台北市中正區濟南路1段3之1號1006室;東區服務處：701041臺南市東區凱旋路225號;安平、南區服務處：702014臺南市南區中華西路一段234號;中西區服務處：700021台南市中西區永華路一段305號,http://www.ly.gov.tw//Images/Legislators/100026.jpg,否,,
10,林奕華,LinYi-Hua,女,中國國民黨,中國國民黨,臺北市第6選舉區,第10屆第1會期：教育及文化委員會;第10屆第1會期：程序委員會;第10屆第2會期：教育及文化委員會;第10屆第2會期：程序委員會;第10屆第2會期：修憲委員會;第10屆第3會期：教育及文化委員會;第10屆第3會期：紀律委員會;第10屆第3會期：修憲委員會;第10屆第4會期：教育及文化委員會;第10屆第5會期：教育及文化委員會;第10屆第5會期：紀律委員會;第10屆第6會期：教育及文化委員會;,2020/02/01,美國賓州匹茲堡大學公共行政碩士;台大政治系法學士;師大附中;金華女中;古亭國小;光復國小,國會研究室：02-2358-6111;大安服務處：02-2700-3663,第九屆立法委員新北市教育局局長台北市教育局局長台北市第八、九、十、十一屆市議員世新大學講師中華民國身心障礙服務推展協會理事長台北市女童軍會理事長,國會研究室：02-2358-6115;大安服務處：02-2700-3664,國會研究室：100008台北市中正區青島東路10號3502室;大安服務處：106098臺北市大安區復興南路2段133號6樓,http://www.ly.gov.tw//Images/Legislators/100027.jpg,是,2023/02/03,辭職
10,林思銘,LinSzu-Ming,男,中國國民黨,中國國民黨,新竹縣第2選舉區,第10屆第1會期：內政委員會;第10屆第2會期：內政委員會;第10屆第3會期：內政委員會;第10屆第3會期：紀律委員會;第10屆第4會期：內政委員會;第10屆第5會期：司法及法制委員會;第10屆第5會期：經費稽核委員會;第10屆第6會期：司法及法制委員會;第10屆第6會期：紀律委員會;第10屆第6會期：經費稽核委員會;第10屆第7會期：司法及法制委員會;第10屆第7會期：程序委員會;,2020/02/01,東吳大學法律系（78級司法實務組）;國立新竹高級中學;新竹縣立二重國民中學;新竹縣立竹中國民小學,國會研究室：02-2358-8226;竹東服務處：03-510-3435;竹北服務處：03-558-7725,新竹縣第15、16、17、18、19屆議員文化大學法律研究所台灣大學PMLBA碩士班明典法律事務所所長律師,國會研究室：02-2358-8230;竹東服務處：03-511-0231;竹北服務處：03-551-3106,國會研究室：100224台北市中正區濟南路1段3之1號0503室;竹東服務處：310005新竹縣竹東鎮中正南路111巷8號;竹北服務處：302048新竹縣竹北市縣政二路101號,http://www.ly.gov.tw//Images/Legislators/100028.jpg,否,,
10,林昶佐,LimTshiong-Tso,男,無黨籍,0無,臺北市第5選舉區,第10屆第1會期：外交及國防委員會;第10屆第2會期：外交及國防委員會;第10屆第2會期：修憲委員會;第10屆第3會期：外交及國防委員會;第10屆第3會期：修憲委員會;第10屆第4會期：外交及國防委員會;第10屆第5會期：外交及國防委員會;第10屆第6會期：外交及國防委員會;第10屆第7會期：外交及國防委員會;,2020/02/01,國立臺北大學企業管理學系學士,國會研究室：02-2358-6121;中正萬華服務處：02-2302-8930,時代力量創黨工程隊總隊長/時代力量主席團成員閃靈樂團主唱國際特赦組織臺灣分會理事長行政院二二八基金會董事/曾獲金曲奬、總統文化獎臺美國會議員聯誼會副會長臺灣國會西藏連線會長臺灣與英國國會友好協會副會長臺灣與德國國會友好聯誼會副會長,國會研究室：02-2358-6125;中正萬華服務處：02-2302-8950,國會研究室：100224台北市中正區濟南路1段3之1號0803室;中正萬華服務處：100059臺北市中正區莒光路88號,http://www.ly.gov.tw//Images/Legislators/100029.jpg,否,,
10,林為洲,Lin Wei-Chou,男,中國國民黨,中國國民黨,新竹縣第1選舉區,第10屆第1會期：司法及法制委員會;第10屆第1會期：程序委員會;第10屆第2會期：司法及法制委員會;第10屆第2會期：程序委員會;第10屆第2會期：修憲委員會;第10屆第3會期：內政委員會;第10屆第3會期：修憲委員會;第10屆第4會期：內政委員會;第10屆第5會期：社會福利及衛生環境委員會;第10屆第5會期：紀律委員會;第10屆第6會期：社會福利及衛生環境委員會;第10屆第7會期：社會福利及衛生環境委員會;,2020/02/01,國立中央大學中文系畢業,國會研究室：02-2358-6911;新竹縣服務處：03-558-5171、03-558-5192,第六屆立法委員第九屆立法委員第14.15.18屆新竹縣議員第17屆新竹縣議會副議長中國國民黨新竹縣黨部主任委員,國會研究室：02-2358-6915;新竹縣服務處：03-667-1039,國會研究室：100224台北市中正區濟南路1段3之1號0907室;新竹縣服務處：307001新竹縣芎林鄉文富街221號,http://www.ly.gov.tw//Images/Legislators/100030.jpg,否,,
10,林淑芬,Lin Shu-Fen,女,民主進步黨,民主進步黨,新北市第2選舉區,第10屆第1會期：社會福利及衛生環境委員會;第10屆第2會期：社會福利及衛生環境委員會;第10屆第3會期：外交及國防委員會;第10屆第4會期：外交及國防委員會;第10屆第5會期：外交及國防委員會;第10屆第6會期：外交及國防委員會;第10屆第7會期：司法及法制委員會;,2020/02/01,彰化女中;中興法商社會系;世新大學社會發展研究所,國會研究室：02-2358-8186;蘆洲服務處：02-8285-6412;五股服務處：02-2291-2995;三重聯絡服務處：02-8287-1663,第十四、十五屆台北縣議員第六、七、八、九屆立法委員,國會研究室：02-2358-8190;蘆洲服務處：02-2281-7980;五股服務處：02-2291-2355,國會研究室：100221台北市中正區青島東路1號3202室;蘆洲服務處：247012新北市蘆洲區長興路25號;五股服務處：248007新北市五股區民義路一段37號,http://www.ly.gov.tw//Images/Legislators/100031.jpg,否,,
10,林楚茵,LinChu-Yin,女,民主進步黨,民主進步黨,全國不分區及僑居國外國民,第10屆第1會期：財政委員會;第10屆第1會期：程序委員會;第10屆第2會期：財政委員會;第10屆第2會期：程序委員會;第10屆第3會期：財政委員會;第10屆第3會期：程序委員會;第10屆第3會期：經費稽核委員會;第10屆第4會期：財政委員會;第10屆第4會期：程序委員會;第10屆第4會期：經費稽核委員會;第10屆第5會期：財政委員會;第10屆第5會期：程序委員會;第10屆第6會期：財政委員會;第10屆第6會期：程序委員會;第10屆第7會期：財政委員會;第10屆第7會期：程序委員會;,2020/02/01,東吳大學政治系,國會研究室：02-2358-6526,環球電視台、中天電視台、ETToday、TVBS記者集智館公關公司專案經理三立新聞政治中心副主任、採訪中心副主任三立前進新台灣節目主持人,國會研究室：02-2358-6530,國會研究室：100224台北市中正區濟南路1段3之1號0805室,http://www.ly.gov.tw//Images/Legislators/100032.jpg,否,,
10,林德福,LinTe-Fu,男,中國國民黨,中國國民黨,新北市第9選舉區,第10屆第1會期：財政委員會;第10屆第2會期：財政委員會;第10屆第2會期：紀律委員會;第10屆第3會期：財政委員會;第10屆第4會期：財政委員會;第10屆第5會期：財政委員會;第10屆第6會期：財政委員會;第10屆第7會期：財政委員會;,2020/02/01,台北縣立頂溪國小畢業;台灣省立板橋中學畢業;私立開南高級商工職業學校畢業,國會研究室：02-2358-6995;永和服務處：02-2232-9899,台北縣永和市第五、六屆市長。市民代表。代表會副主席台北縣鄉鎮市長聯誼會會長。全國鄉鎮市長聯誼總會副會長新店高中文教基金會董事國立政治大學法律實務班結業開南大學副董事長第五、六、七、八、九、十屆立法委員中國國民黨副祕書長、立法院黨團書記長立法院第九屆第四、五會期中國國民黨團總召兼政策會執行長,國會研究室：02-2358-6999;永和服務處：02-3233-4625,國會研究室：100221台北市中正區青島東路1號3201室;永和服務處：234012新北市永和區永和路二段403號,http://www.ly.gov.tw//Images/Legislators/100033.jpg,否,,
10,邱臣遠,ChiuChen-Yuan,男,台灣民眾黨,台灣民眾黨,全國不分區及僑居國外國民,第10屆第1會期：經濟委員會;第10屆第2會期：經濟委員會;第10屆第2會期：交通委員會;第10屆第3會期：交通委員會;第10屆第3會期：紀律委員會;第10屆第4會期：交通委員會;第10屆第5會期：外交及國防委員會;第10屆第6會期：外交及國防委員會;第10屆第7會期：外交及國防委員會;,2020/02/01,銘傳大學國際企業學系研究所畢業,國會研究室：02-2358-6418,世界台灣商會聯合總會第26屆秘書長世界台灣商會聯合總會青商會第7屆會長僑委會僑務促進委員,國會研究室：02-2358-6415,國會研究室：100224台北市中正區濟南路1段3之1號2117室,http://www.ly.gov.tw//Images/Legislators/100034.jpg,否,,
10,邱志偉,Chiu Chih-Wei,男,民主進步黨,民主進步黨,高雄市第2選舉區,第10屆第1會期：經濟委員會;第10屆第2會期：經濟委員會;第10屆第2會期：修憲委員會;第10屆第3會期：經濟委員會;第10屆第3會期：修憲委員會;第10屆第4會期：經濟委員會;第10屆第5會期：經濟委員會;第10屆第5會期：紀律委員會;第10屆第5會期：經費稽核委員會;第10屆第6會期：經濟委員會;第10屆第6會期：經費稽核委員會;第10屆第7會期：經濟委員會;第10屆第7會期：經費稽核委員會;,2020/02/01,台南一中;淡江大學俄羅斯研究所法學碩士;國立臺灣大學國家發展研究所法學碩士;國立中山大學大陸研究所社會科學博士;英國劍橋大學國際關係研究所;國立臺灣大學EMBA碩士班,國會研究室：02-2358-6561;岡山服務處：07-623-0655;路竹服務處：07-696-8050;梓官服務處：07-610-7303;橋頭服務處：07-623-0655;彌陀聯絡處：07-623-0655;茄萣服務處：07-690-9981;湖內服務處：07-699-0605,第八、九屆立法委員高雄市政府民政局 局長高雄縣政府民政處 處長高雄縣政府新聞室 主任中華民國修憲國民大會代表南華大學旅遊事業管理系助理教授義守大學兼任助理教授,國會研究室：02-2358-6565;岡山服務處：07-623-0671;路竹服務處：07-696-8052;梓官服務處：07-610-7383;茄萣服務處：07-690-9961,國會研究室：100224台北市中正區濟南路1段3之1號0607室;岡山服務處：820111高雄市岡山區中山南路385號;路竹服務處：821008高雄市路竹區國昌路193號;梓官服務處：826002高雄市梓官區梓官路361號;橋頭服務處：82541高雄市橋頭區隆豐路184號;彌陀聯絡處：827010高雄市彌陀區鹽埕大路75號;茄萣服務處：852002高雄市茄萣區進學路41號;湖內服務處：82947高雄市湖內區湖中路242巷12弄26號,http://www.ly.gov.tw//Images/Legislators/100035.jpg,否,,
10,邱泰源,Chiu Tai-Yuan,男,民主進步黨,民主進步黨,全國不分區及僑居國外國民,第10屆第1會期：社會福利及衛生環境委員會;第10屆第1會期：程序委員會;第10屆第1會期：紀律委員會;第10屆第2會期：社會福利及衛生環境委員會;第10屆第2會期：程序委員會;第10屆第3會期：社會福利及衛生環境委員會;第10屆第3會期：程序委員會;第10屆第4會期：社會福利及衛生環境委員會;第10屆第4會期：程序委員會;第10屆第5會期：社會福利及衛生環境委員會;第10屆第5會期：程序委員會;第10屆第6會期：社會福利及衛生環境委員會;第10屆第6會期：程序委員會;第10屆第6會期：紀律委員會;第10屆第7會期：社會福利及衛生環境委員會;第10屆第7會期：程序委員會;,2020/02/01,日本國立東京大學醫學研究所碩士,國會研究室：02-2358-6116;竹北服務處：03-667-0835,曾任台大醫院主治醫師兼門診部主任曾任台灣家庭醫學醫學會理事長曾任台灣安寧緩和醫學學會理事長台大醫學院教授中華民國醫師公會全國聯合會理事長台北市醫師公會理事長,國會研究室：02-2358-6120;竹北服務處：03-550-8514,國會研究室：100224台北市中正區濟南路1段3之1號2106室;竹北服務處：302050新竹縣竹北市成功六街163號,http://www.ly.gov.tw//Images/Legislators/100036.jpg,否,,
10,邱議瑩,Chiu Yi-Ying,女,民主進步黨,民主進步黨,高雄市第1選舉區,第10屆第1會期：經濟委員會;第10屆第1會期：紀律委員會;第10屆第2會期：經濟委員會;第10屆第3會期：經濟委員會;第10屆第4會期：經濟委員會;第10屆第5會期：經濟委員會;第10屆第6會期：經濟委員會;第10屆第7會期：經濟委員會;,2020/02/01,舊金山多明尼肯大學企業管理研究所,國會研究室：02-2358-6516;美濃服務處：07-681-8755,第五、七、八、九、十屆立法委員客家委員會副主任委員民主進步黨第十六屆中央執行委員民主進步黨第八、九、十一、十五屆中央常務委員民主進步黨第十三、十四屆中央評議委員第三屆國民大會代表,國會研究室：02-2358-6520;美濃服務處：07-681-8677,國會研究室：100224台北市中正區濟南路1段3之1號0801室;美濃服務處：843008高雄市美濃區泰安路228號,http://www.ly.gov.tw//Images/Legislators/100037.jpg,否,,
10,邱顯智,ChiuHsien-Chih,男,時代力量,時代力量,全國不分區及僑居國外國民,第10屆第1會期：交通委員會;第10屆第2會期：修憲委員會;第10屆第3會期：內政委員會;第10屆第3會期：程序委員會;第10屆第3會期：修憲委員會;第10屆第4會期：內政委員會;第10屆第4會期：程序委員會;第10屆第5會期：經濟委員會;第10屆第5會期：程序委員會;第10屆第6會期：經濟委員會;第10屆第6會期：程序委員會;第10屆第7會期：交通委員會;第10屆第7會期：程序委員會;,2020/02/01,德國海德堡大學法學博士候選人;德國海德堡大學法學碩士;臺北大學法學碩士;臺北大學法學士,國會研究室：02-2358-6581;新竹服務處：03-515-3121,時代力量前主席雪谷南榕法律事務所律師新竹律師公會會員新竹法律扶助基金會扶助律師臺中犯罪被害人保護協會扶助律師新竹親子親善促進會義務顧問律師冤獄平反協會義務律師洪仲丘案、關廠工人案、太陽花學運義務律師,國會研究室：02-2358-6535,國會研究室：100224台北市中正區濟南路1段3之1號0808室;新竹服務處：300005新竹市自由路69號6樓,http://www.ly.gov.tw//Images/Legislators/100038.jpg,否,,
10,柯建銘,KerChien-Ming,男,民主進步黨,民主進步黨,全國不分區及僑居國外國民,第10屆第1會期：司法及法制委員會;第10屆第2會期：司法及法制委員會;第10屆第3會期：司法及法制委員會;第10屆第4會期：司法及法制委員會;第10屆第5會期：司法及法制委員會;第10屆第6會期：司法及法制委員會;第10屆第7會期：司法及法制委員會;,2020/02/01,新竹國小;建華國中;新竹中學;中山醫學院牙醫學系;淡江大學管理科學研究所研究;交通大學高階管理碩士班(EMBA)肄業,國會研究室：02-2358-6106;新竹服務處：03-526-9880,第二、三、四、五、六、七、八、九屆立法委員立法院民進黨黨團總召集人、副總召集人、幹事長、副幹事長民進黨代理黨主席、中常委、財務委員會主任委員、政策會執行長立法院經濟委員會、預算委員會及程序委員會等委員會召集人立法院科技協進會召集人、環保修法聯盟發起人、永續發展促進會發起人國家資訊基礎建設(NII)民間諮詢委員會委員兼法規組召集人,國會研究室：02-2358-6110;新竹服務處：03-523-2902,國會研究室：100224台北市中正區濟南路1段3之1號2118室;新竹服務處：300030新竹市北區四維路15號3樓,http://www.ly.gov.tw//Images/Legislators/100039.jpg,否,,
10,洪申翰,HungSun-Han,男,民主進步黨,民主進步黨,全國不分區及僑居國外國民,第10屆第1會期：社會福利及衛生環境委員會;第10屆第1會期：程序委員會;第10屆第2會期：社會福利及衛生環境委員會;第10屆第2會期：程序委員會;第10屆第3會期：社會福利及衛生環境委員會;第10屆第3會期：程序委員會;第10屆第4會期：社會福利及衛生環境委員會;第10屆第4會期：程序委員會;第10屆第5會期：社會福利及衛生環境委員會;第10屆第5會期：程序委員會;第10屆第6會期：社會福利及衛生環境委員會;第10屆第6會期：程序委員會;第10屆第7會期：社會福利及衛生環境委員會;第10屆第7會期：程序委員會;,2020/02/01,國立臺灣大學大氣科學系肄業,國會研究室：02-2358-6081,綠色公民行動聯盟副秘書長行政院能源及減碳辦公室專家委員新北市智慧節電委員會專家委員環保署資料開放諮詢小組專家委員台北市公民參與委員會委員,國會研究室：02-2358-6085,國會研究室：100221台北市中正區青島東路1號3206室,http://www.ly.gov.tw//Images/Legislators/100040.jpg,否,,
10,洪孟楷,HungMong-Kai,男,中國國民黨,中國國民黨,新北市第1選舉區,第10屆第1會期：交通委員會;第10屆第2會期：交通委員會;第10屆第3會期：交通委員會;第10屆第4會期：交通委員會;第10屆第5會期：交通委員會;第10屆第5會期：紀律委員會;第10屆第6會期：交通委員會;第10屆第7會期：交通委員會;,2020/02/01,美國南加州大學國際公共政策及管理碩士;國立臺灣大學政治學系碩士,國會研究室：02-2358-6811;林口服務處：02-2608-2100;北海岸服務處：02-2629-0133;泰山服務處：02-8531-5600;八里聯絡處：0917-159-190;三芝聯絡處：0953-466-990;石門聯絡處：0953-466-990,立法院 法案助理台北縣政府 蔡家福副縣長秘書嘉義市政府文化局 局長行政院江宜樺院長辦公室 專門委員國民黨發言人,國會研究室：02-2358-6815;林口服務處：02-8601-8916;北海岸服務處：02-2629-0133;泰山服務處：02-2900-0210;八里聯絡處：02-2358-6815;三芝聯絡處：02-2358-6815;石門聯絡處：02-2358-6815,國會研究室：100224台北市中正區濟南路1段3之1號2111室;林口服務處：244017新北市林口區文化三路二段291號;北海岸服務處：251012新北市淡水區淡金路二段511號1樓;泰山服務處：243093新北市泰山區明志路二段185號;八里聯絡處：249002新北市八里區華峰三街42號;三芝聯絡處：252005新北市三芝區智成街18號;石門聯絡處：253002新北市石門區山溪里尖山湖14鄰1號,http://www.ly.gov.tw//Images/Legislators/100041.jpg,否,,
10,范雲,Fan Yun,女,民主進步黨,民主進步黨,全國不分區及僑居國外國民,第10屆第1會期：教育及文化委員會;第10屆第1會期：程序委員會;第10屆第1會期：經費稽核委員會;第10屆第2會期：教育及文化委員會;第10屆第2會期：程序委員會;第10屆第2會期：修憲委員會;第10屆第2會期：經費稽核委員會;第10屆第3會期：教育及文化委員會;第10屆第3會期：程序委員會;第10屆第3會期：修憲委員會;第10屆第4會期：教育及文化委員會;第10屆第4會期：程序委員會;第10屆第5會期：教育及文化委員會;第10屆第5會期：程序委員會;第10屆第6會期：教育及文化委員會;第10屆第6會期：程序委員會;第10屆第7會期：教育及文化委員會;第10屆第7會期：程序委員會;,2020/02/01,淡水國小;淡水國中;北一女中;台大社會系學士、碩士;耶魯大學社會學碩士、博士,國會研究室：02-2358-6056　　0988-807139,第十屆立法委員台大社會系副教授中華民國無任所大使婦女新知基金會董事長、董事、監事林義雄競選民進黨主席特別助理英國倫敦大學亞非學院訪問學人中央研究院助研究員,國會研究室：02-2358-6060,國會研究室：100224台北市中正區濟南路1段3之1號0207室,http://www.ly.gov.tw//Images/Legislators/100042.jpg,否,,
10,徐志榮,Hsu Chih-Jung,男,中國國民黨,中國國民黨,苗栗縣第2選舉區,第10屆第1會期：社會福利及衛生環境委員會;第10屆第2會期：社會福利及衛生環境委員會;第10屆第3會期：社會福利及衛生環境委員會;第10屆第4會期：社會福利及衛生環境委員會;第10屆第5會期：社會福利及衛生環境委員會;第10屆第6會期：社會福利及衛生環境委員會;第10屆第7會期：社會福利及衛生環境委員會;,2020/02/01,日本國立石川高等職業學校畢業;私立東海大學企業管理師第11屆結業;省立苗栗高中畢業,國會研究室：02-2358-6266;公館服務處：037-223-566;苗栗服務處：037-368-811;頭份服務處：037-686-688,立法院第8、9、10屆立法委員行政院政務顧問苗栗縣公館鄉第13、14屆鄉長苗栗縣體育會理事長苗栗縣徐氏宗親會副理事長苗栗縣義消總隊總隊長苗栗縣後備指揮部顧問,國會研究室：02-2358-6270;公館服務處：037-239-233;苗栗服務處：037-368-877;頭份服務處：037-686-677,國會研究室：100224台北市中正區濟南路1段3之1號0802室;公館服務處：363010苗栗縣公館鄉玉泉村367號2樓;苗栗服務處：360015苗栗縣苗栗市縣府路70號;頭份服務處：351019苗栗縣頭份市中央路376號,http://www.ly.gov.tw//Images/Legislators/100043.jpg,否,,
10,翁重鈞,Wong Chung-Chun,男,中國國民黨,中國國民黨,全國不分區及僑居國外國民,第10屆第1會期：經濟委員會;第10屆第1會期：經費稽核委員會;第10屆第2會期：經濟委員會;第10屆第2會期：經費稽核委員會;第10屆第3會期：司法及法制委員會;第10屆第3會期：經費稽核委員會;第10屆第4會期：司法及法制委員會;第10屆第4會期：經費稽核委員會;第10屆第5會期：內政委員會;第10屆第5會期：經費稽核委員會;第10屆第6會期：內政委員會;第10屆第6會期：經費稽核委員會;第10屆第7會期：經濟委員會;,2020/02/01,國立臺灣大學會計學研究所;中國文化大學國際企業管理研究所;中國文化大學新聞系畢業,國會研究室：02-2358-6101;嘉義服務處：05-341-2029,立法院第一屆(第六次增額)、第二、三、四、六、七、八、十(本)屆委員,國會研究室：02-2358-6105;嘉義服務處：05-341-7251,國會研究室：100224台北市中正區濟南路1段3之1號2115室;嘉義服務處：62441嘉義縣義竹鄉仁里村407-4號,http://www.ly.gov.tw//Images/Legislators/100044.jpg,否,,
10,馬文君,MaWen-Chun,女,中國國民黨,中國國民黨,南投縣第1選舉區,第10屆第1會期：外交及國防委員會;第10屆第2會期：外交及國防委員會;第10屆第3會期：外交及國防委員會;第10屆第4會期：外交及國防委員會;第10屆第5會期：外交及國防委員會;第10屆第6會期：外交及國防委員會;第10屆第6會期：紀律委員會;第10屆第7會期：外交及國防委員會;,2020/02/01,逢甲大學 經營管理研究所碩士;嘉南藥專（嘉南藥理科技大學）藥理科畢業;大成國中;育英國小,國會研究室：02-2358-6816;埔里服務處：049-242-3248;草屯服務處：049-235-5807,南投縣第十三屆議員南投縣埔里鎮第十四屆、第十五屆鎮長中國國民黨埔里鎮黨部主任委員弘道老人關懷協會助老委員南投縣家扶中心委員南投縣民防總隊義警大隊大隊長南投縣婦工會總會長立法院第七屆、第八屆、第九屆委員立法院外交及國防委員會召集委員立法院國民黨團副書記長,國會研究室：02-2358-6820;埔里服務處：049-290-1626;草屯服務處：049-235-5023,國會研究室：100221台北市中正區青島東路1號3113室;埔里服務處：545015南投縣埔里鎮西寧路36號;草屯服務處：542007南投縣草屯鎮中興路268號3樓,http://www.ly.gov.tw//Images/Legislators/100045.jpg,否,,
10,高金素梅,Kao Chin Su-Mei,女,無黨籍,中國國民黨,山地原住民選舉區,第10屆第1會期：教育及文化委員會;第10屆第1會期：紀律委員會;第10屆第2會期：教育及文化委員會;第10屆第3會期：教育及文化委員會;第10屆第4會期：教育及文化委員會;第10屆第5會期：教育及文化委員會;第10屆第6會期：教育及文化委員會;第10屆第7會期：教育及文化委員會;,2020/02/01,青年高級中學,國會研究室：02-2358-6051;屏東服務處：08-787-0220,第5、6、7、8、9屆立法委員財團法人肝炎防治基金會終身義工財團法人癌症關懷基金會董事長,國會研究室：02-2358-6055;屏東服務處：08-787-2291,國會研究室：100008台北市中正區青島東路10號3507室;屏東服務處：922026屏東縣來義鄉來義村義新路8巷76號,http://www.ly.gov.tw//Images/Legislators/100046.jpg,否,,
10,高虹安,KaoHung-An,女,台灣民眾黨,台灣民眾黨,全國不分區及僑居國外國民,第10屆第1會期：教育及文化委員會;第10屆第1會期：程序委員會;第10屆第2會期：教育及文化委員會;第10屆第2會期：程序委員會;第10屆第3會期：教育及文化委員會;第10屆第4會期：教育及文化委員會;第10屆第5會期：經濟委員會;第10屆第5會期：經費稽核委員會;第10屆第6會期：經費稽核委員會;,2020/02/01,美國辛辛那提大學機械工程博士;國立臺灣大學資訊工程系碩士;國立臺灣師範大學資訊教育學士;臺北市立第一女子高級中學;臺北市私立方濟高級中學;臺北市康寧國小,國會研究室：02-2358-6541;新竹服務處：03-530-4510;台中服務處：04-2471-7675;南投服務處：049-224-6147,立法院（第10屆）委員（2020年2月1日－）台灣民眾黨立法院黨團幹事長台灣民眾黨立法院黨團副總召財團法人郭台銘文教基金會董事財團法人消防發展基金會董事鴻海科技集團副總經理暨工業大數據辦公室主任永齡健康基金會AI科技顧問鴻海教育基金會AI教育計畫主持人科智企業共同創辦人暨業務處處長財團法人資訊工業策進會中區產業服務處智慧加值組組長美國科林研發(Lam Research)產品實習工程師,國會研究室：02-2358-6545,國會研究室：100224台北市中正區濟南路1段3之1號1001室;新竹服務處：300027新竹市東區東門街30號;台中服務處：408007台中市南屯區文心路一段153號;南投服務處：540019南投市民族路453號,http://www.ly.gov.tw//Images/Legislators/100047.jpg,是,2022/12/25,辭職
10,高嘉瑜,Kao Chia-Yu,女,民主進步黨,民主進步黨,臺北市第4選舉區,第10屆第1會期：財政委員會;第10屆第2會期：財政委員會;第10屆第3會期：財政委員會;第10屆第4會期：財政委員會;第10屆第5會期：財政委員會;第10屆第6會期：財政委員會;第10屆第7會期：財政委員會;,2020/02/01,北一女;臺大法律系;臺大國發所兩岸組碩士,國會研究室：02-2358-6711;內湖服務處：02-2630-6571;南港服務處：02-2783-6571,第11至13屆臺北市議員（任內將內湖捷運聯開案送監院糾正通過後成功追回百億、積極爭取新闢捷運東環段解決內湖交通問題、推動南港產業生活特定專用區、第二座狗運動公園及改善動物之家環境、打造東湖櫻花林步道、大港墘生態公園、特色公園、共融式遊具及南港銀髮樂活中心）任務型國大代表臺大學生會長,國會研究室：02-2358-6715;內湖服務處：02-2630-6572;南港服務處：02-2783-6572,國會研究室：100008台北市中正區青島東路10號3506室;內湖服務處：114043台北市內湖區民權東路六段423號;南港服務處：115021台北市南港區研究院路一段39號,http://www.ly.gov.tw//Images/Legislators/100048.jpg,否,,
10,張宏陸,Chang Hung-Lu,男,民主進步黨,民主進步黨,新北市第6選舉區,第10屆第1會期：內政委員會;第10屆第2會期：內政委員會;第10屆第2會期：修憲委員會;第10屆第3會期：內政委員會;第10屆第3會期：修憲委員會;第10屆第4會期：內政委員會;第10屆第5會期：內政委員會;第10屆第5會期：紀律委員會;第10屆第6會期：內政委員會;第10屆第7會期：內政委員會;,2020/02/01,東吳大學政治系學士;國立臺北教育大學教育碩士;文化大學美國研究所,國會研究室：02-2358-8066;板橋文化路服務處：02-2250-7018,第9屆立法委員新北市議員民進黨臺北縣黨部執行長行政院反恐辦公室副主任行政院長秘書板橋市代理市長臺北縣民政局長臺北縣長室秘書立委蘇貞昌團隊助理蘇貞昌立委團隊助理民進黨中常委民進黨台北縣黨部執行長文化大學美國研究所,國會研究室：02-2358-8070;板橋文化路服務處：02-2250-7028,國會研究室：100221台北市中正區青島東路1號3305室;板橋文化路服務處：220004新北市板橋區文化路二段124巷6號,http://www.ly.gov.tw//Images/Legislators/100049.jpg,否,,
10,張育美,Hsu ChangYu-Mei,女,中國國民黨,中國國民黨,全國不分區及僑居國外國民,第10屆第1會期：社會福利及衛生環境委員會;第10屆第2會期：社會福利及衛生環境委員會;第10屆第3會期：社會福利及衛生環境委員會;第10屆第4會期：社會福利及衛生環境委員會;第10屆第5會期：社會福利及衛生環境委員會;第10屆第5會期：程序委員會;第10屆第6會期：社會福利及衛生環境委員會;第10屆第6會期：程序委員會;第10屆第6會期：紀律委員會;第10屆第7會期：社會福利及衛生環境委員會;,2020/02/01,高雄醫學大學藥學系;國立中央大學管理研究所碩士;國立台灣大學EMBA台復班;高雄醫學大學第16屆傑出校友;國立中央大學第6屆傑出校友,國會研究室：02-2358-8261;楊梅服務處：03-462-5636,中國國民黨中常委社團法人國家生技醫療產業策進會第六屆理事國立中央大學校友總會第九屆理事長中華民國高雄醫學大學校友會第四屆副理事長台灣女董事協會 監事國際醫療衛生促進協會 理事,國會研究室：02-2358-8265;楊梅服務處：02-2358-8275,國會研究室：100221台北市中正區青島東路1號3401室;楊梅服務處：326021桃園市楊梅區中山北路1段362號4樓,http://www.ly.gov.tw//Images/Legislators/100050.jpg,否,,
10,張其祿,JangChyi-Lu,男,台灣民眾黨,台灣民眾黨,全國不分區及僑居國外國民,第10屆第1會期：內政委員會;第10屆第2會期：內政委員會;第10屆第2會期：修憲委員會;第10屆第3會期：財政委員會;第10屆第3會期：修憲委員會;第10屆第4會期：財政委員會;第10屆第5會期：財政委員會;第10屆第6會期：財政委員會;第10屆第7會期：教育及文化委員會;,2020/02/01,美國南加州大學 [USC]     公共行政  博士 2000;國立中興大學 [台北大學] 公共政策  碩士 1994;國立中興大學 [台北大學] 公共行政  學士 1990,國會研究室：02-2358-6391,國立中山大學社會科學院院長國立中山大學政治經濟學系特聘教授高雄市政府研究發展考核委員會委員,國會研究室：02-2358-6395,國會研究室：100224台北市中正區濟南路1段3之1號0605室,http://www.ly.gov.tw//Images/Legislators/100051.jpg,否,,
10,張廖萬堅,Chang Liao Wan-Chien,男,民主進步黨,民主進步黨,臺中市第4選舉區,第10屆第1會期：教育及文化委員會;第10屆第2會期：教育及文化委員會;第10屆第3會期：教育及文化委員會;第10屆第3會期：紀律委員會;第10屆第4會期：教育及文化委員會;第10屆第5會期：教育及文化委員會;第10屆第6會期：教育及文化委員會;第10屆第7會期：教育及文化委員會;,2020/02/01,國立台中一中;輔仁大學大眾傳播;東吳大學政治學研究所碩士班;東海大學EMBA高階經營管理碩士班,國會研究室：02-2358-8282;台中服務處：04-2708-8883,台中市議員(1998~2016)民進黨台中市黨部主任委員台中一中校友會理事台中市陽光城市發展協會創會理事長台中市教師會、全人家長協會、醫師公會、牙醫師公會顧問,國會研究室：02-2358-8285;台中服務處：04-2708-9803,國會研究室：100221台北市中正區青島東路1號3402室;台中服務處：407863台中市西屯區至善路52號,http://www.ly.gov.tw//Images/Legislators/100052.jpg,否,,
10,莊瑞雄,Chuang Jui-Hsiung,男,民主進步黨,民主進步黨,全國不分區及僑居國外國民,第10屆第1會期：財政委員會;第10屆第1會期：程序委員會;第10屆第1會期：紀律委員會;第10屆第2會期：財政委員會;第10屆第2會期：程序委員會;第10屆第2會期：修憲委員會;第10屆第3會期：內政委員會;第10屆第3會期：紀律委員會;第10屆第3會期：修憲委員會;第10屆第4會期：內政委員會;第10屆第5會期：內政委員會;第10屆第6會期：內政委員會;第10屆第7會期：內政委員會;第10屆第7會期：程序委員會;,2020/02/01,國立臺灣大學生物產業傳播暨發展學系博士;國立臺灣大學農業經濟系碩士;國立臺北大學企業管理系碩士;國立臺灣大學法律學系學士,國會研究室：02-2358-6368;屏東市服務處：08-755-7893;東港服務處：08-833-7893;恆春服務處：08-888-3893;琉球服務處：08-861-2347;枋寮服務處：0935-832618,第8.9.10屆立法委員公督盟評鑑優秀立委第11屆國家磐石關懷獎章得主執業律師2020蔡英文總統競選連任辦公室副總幹事兼發言人民進黨發言人第13屆民進黨中央執行委員第13.14屆民進黨台北市黨部主委第10.11屆台北市議員綠色和平電台主持人,國會研究室：02-2358-6369;屏東市服務處：08-752-9315;東港服務處：08-833-9316;恆春服務處：08-889-9316,國會研究室：100224台北市中正區濟南路1段3之1號0702室;屏東市服務處：900003屏東縣屏東市自由路134號;東港服務處：928007屏東縣東港鎮光復路一段48號;恆春服務處：946004屏東縣恆春鎮北門路9號;琉球服務處：929003屏東縣琉球鄉中正路331號;枋寮服務處：940003屏東縣枋寮鄉德興路71號,http://www.ly.gov.tw//Images/Legislators/100053.jpg,否,,
10,莊競程,ChuangChing-Cheng,男,民主進步黨,民主進步黨,臺中市第5選舉區,第10屆第1會期：社會福利及衛生環境委員會;第10屆第2會期：社會福利及衛生環境委員會;第10屆第3會期：社會福利及衛生環境委員會;第10屆第4會期：社會福利及衛生環境委員會;第10屆第5會期：社會福利及衛生環境委員會;第10屆第6會期：社會福利及衛生環境委員會;第10屆第7會期：社會福利及衛生環境委員會;,2020/02/01,國立台灣大學醫學工程學系 博士;中原大學生物醫學工程學系 碩士;中原大學生物醫學工程學系 學士,國會研究室：02-2358-8011;北屯服務處：04-2233-1997,國立交通大學生醫工程研究所-助理教授國立交通大學電機工程學系-合聘助理教授日本筑波大學物理工學系計算光學實驗室-訪問學者國立陽明大學牙醫學系-博士後研究員國立陽明大學生醫光學暨分子影像研究中心-博士後研究員,國會研究室：02-2358-8015;北屯服務處：04-2233-0103,國會研究室：100008台北市中正區青島東路10號3503室;北屯服務處：406023台中市北屯區北屯路275-2號,http://www.ly.gov.tw//Images/Legislators/100054.jpg,否,,
10,許淑華,Hsu Shu-Hua,女,中國國民黨,中國國民黨,南投縣第2選舉區,第10屆第1會期：交通委員會;第10屆第2會期：交通委員會;第10屆第3會期：交通委員會;第10屆第4會期：交通委員會;第10屆第5會期：交通委員會;第10屆第6會期：交通委員會;,2020/02/01,逢甲大學經營管理碩士畢,國會研究室：02-2358-8356;南投服務處：049-2226-116,南投縣議會第15屆議員南投縣南投市第8、9屆市長南投縣商業總會理事長95年全國社會優秀青年立法委員第8、9、10屆中國國民黨第18屆中央常務委員,國會研究室：02-2358-8050;南投服務處：049-2226-117,國會研究室：100224台北市中正區濟南路1段3之1號0206室;南投服務處：540009南投縣南投市玉井街51號,http://www.ly.gov.tw//Images/Legislators/100055.jpg,是,2022/12/25,辭職
10,許智傑,Hsu Chih-Chieh,男,民主進步黨,民主進步黨,高雄市第7選舉區,第10屆第1會期：交通委員會;第10屆第3會期：司法及法制委員會;第10屆第4會期：司法及法制委員會;第10屆第5會期：交通委員會;第10屆第6會期：交通委員會;第10屆第7會期：交通委員會;,2020/02/01,國立高雄師範大學理學院科學教育暨環境教育研究所科學教育博士班博士候選人;國立高雄師範大學教育學系研究所碩士;國立臺灣大學機械工程學系學士;高雄市立高雄高級中學;高雄市立五甲國中;高雄市立五甲國小,國會研究室：02-2358-6621;鳳山服務處：07-768-1899,第八、九、十屆立法委員民主進步黨中央黨部 常務執行委員民主進步黨中央黨部 執行委員立法院民主進步黨團 書記長首任鳳山區區長第十屆鳳山市市長第十五屆高雄縣議員鳳山市第八屆市民代表高雄縣私立高旗高級工業家事職業學校 教務主任、訓導主任、補教主任正修科技大學 兼任助理教授和春技術學院 兼任講師高雄市鳳山社區大學 創辦人高雄市鳳山市民大學 主任國家中山科學研究院 製程及NC工程師,國會研究室：02-2358-6625;鳳山服務處：07-768-9900,國會研究室：100224台北市中正區濟南路1段3之1號0703室;鳳山服務處：830049高雄市鳳山區保泰路96號,http://www.ly.gov.tw//Images/Legislators/100056.jpg,否,,
10,郭國文,Kuo Kuo-Wen,男,民主進步黨,民主進步黨,臺南市第2選舉區,第10屆第1會期：財政委員會;第10屆第2會期：財政委員會;第10屆第2會期：修憲委員會;第10屆第3會期：財政委員會;第10屆第3會期：紀律委員會;第10屆第3會期：修憲委員會;第10屆第4會期：財政委員會;第10屆第5會期：財政委員會;第10屆第5會期：程序委員會;第10屆第6會期：財政委員會;第10屆第6會期：程序委員會;第10屆第7會期：財政委員會;,2020/02/01,國立成功大學政治經濟研究所博士;國立台灣大學國家發展研究所碩士,國會研究室：02-2358-8311;善化服務處：06-585-1933,第九屆立法委員行政院勞動部政務次長長榮大學助理教授台南市議會第一、二屆市議員台南縣政府行政管理處處長,國會研究室：02-2358-8315;善化服務處：06-585-3303,國會研究室：100221台北市中正區青島東路1號3303室;善化服務處：741005臺南市善化區中正路188巷12-1號,http://www.ly.gov.tw//Images/Legislators/100057.jpg,否,,
10,陳以信,Chen I-Hsin,男,中國國民黨,中國國民黨,全國不分區及僑居國外國民,第10屆第1會期：外交及國防委員會;第10屆第1會期：程序委員會;第10屆第2會期：外交及國防委員會;第10屆第2會期：程序委員會;第10屆第3會期：外交及國防委員會;第10屆第3會期：程序委員會;第10屆第4會期：外交及國防委員會;第10屆第4會期：程序委員會;第10屆第5會期：司法及法制委員會;第10屆第5會期：紀律委員會;第10屆第6會期：司法及法制委員會;第10屆第7會期：外交及國防委員會;,2020/02/01,劍橋大學政治與國際關係研究系博士後研究員;倫敦大學亞非學院經濟系博士;倫敦大學亞非學院發展研究系碩士;台灣大學政治系學士,國會研究室：02-2358-8241,中華民國立法院第十屆立法委員美國華府台美研究中心執行長中國國民黨政策會副執行長中國國民黨海外部主任前總統府發言人中國國民黨前文傳會副主委兼發言人及國際事務部主任英國劍橋大學新興強權研究中心研究員英國倫敦大學亞非學院台灣研究中心副研究員,國會研究室：02-2358-8330,國會研究室：100221台北市中正區青島東路1號3111室,http://www.ly.gov.tw//Images/Legislators/100058.jpg,否,,
10,陳玉珍,ChenYu-Jen,女,中國國民黨,中國國民黨,金門縣選舉區,第10屆第1會期：內政委員會;第10屆第1會期：紀律委員會;第10屆第1會期：經費稽核委員會;第10屆第2會期：內政委員會;第10屆第2會期：程序委員會;第10屆第2會期：修憲委員會;第10屆第2會期：經費稽核委員會;第10屆第3會期：社會福利及衛生環境委員會;第10屆第3會期：程序委員會;第10屆第3會期：紀律委員會;第10屆第3會期：修憲委員會;第10屆第4會期：社會福利及衛生環境委員會;第10屆第4會期：程序委員會;第10屆第5會期：司法及法制委員會;第10屆第6會期：司法及法制委員會;第10屆第7會期：內政委員會;,2020/02/01,國立臺灣大學中文系學士/輔修法律系;日本九州大學國際公法碩士;中國北京大學國際經濟法法學碩士;美國哈佛大學公共政策學院進修,國會研究室：02-2358-6098;金門服務處：082-320-706,金門縣議會議長陳水木先生助理金門縣議會（第三屆）議員金門縣議會（第四屆）議員金門縣議會（第六屆）議員中華民國（第九屆）立法委員司法委員會 國民黨團委員長,國會研究室：02-2358-6100;金門服務處：082-311-288,國會研究室：100008台北市中正區青島東路10號3501室;金門服務處：893013金門縣金城鎮民權路27號,http://www.ly.gov.tw//Images/Legislators/100059.jpg,否,,
10,陳秀寳,Chen Hsiu-Pao,女,民主進步黨,民主進步黨,彰化縣第1選舉區,第10屆第1會期：教育及文化委員會;第10屆第1會期：經費稽核委員會;第10屆第2會期：教育及文化委員會;第10屆第2會期：經費稽核委員會;第10屆第3會期：教育及文化委員會;第10屆第4會期：教育及文化委員會;第10屆第5會期：教育及文化委員會;第10屆第5會期：經費稽核委員會;第10屆第6會期：教育及文化委員會;第10屆第6會期：紀律委員會;第10屆第6會期：經費稽核委員會;第10屆第7會期：教育及文化委員會;第10屆第7會期：經費稽核委員會;,2020/02/01,西勢國小;福興國中;精誠高中;建國科技大學二技,國會研究室：02-2358-6881;鹿港服務處：04-775-6001,立法委員陳進丁國會助理鹿港國中家長會副團長彰化縣議會第十七、十八、十九屆縣議員民進黨彰化縣議會黨團幹事長,國會研究室：02-2358-6140;鹿港服務處：04-775-6025,國會研究室：100224台北市中正區濟南路1段3之1號0601室;鹿港服務處：505006彰化縣鹿港鎮東石里鹽埕巷30-32號,http://www.ly.gov.tw//Images/Legislators/100060.jpg,否,,
10,陳明文,Chen Ming-Wen,男,民主進步黨,民主進步黨,嘉義縣第2選舉區,第10屆第1會期：經濟委員會;第10屆第2會期：經濟委員會;第10屆第2會期：交通委員會;第10屆第3會期：交通委員會;第10屆第3會期：經費稽核委員會;第10屆第4會期：交通委員會;第10屆第4會期：經費稽核委員會;第10屆第5會期：經濟委員會;第10屆第6會期：經濟委員會;第10屆第7會期：經濟委員會;,2020/02/01,私立東海大學哲學系畢業,國會研究室：02-2358-8101;嘉義服務處：05-225-5589;民雄服務處：05-226-0502,嘉義縣議會第9屆議員、第10屆議長台灣省議會第8、9、10屆議員第4屆立法委員嘉義縣第14、15屆縣長第7、8、9屆立法委員,國會研究室：02-2358-8105;嘉義服務處：05-225-1641;民雄服務處：05-226-4711,國會研究室：100221台北市中正區青島東路1號3101室;嘉義服務處：600004嘉義市西區民族路909號;民雄服務處：621002嘉義縣民雄鄉東榮村文化路24-1號,http://www.ly.gov.tw//Images/Legislators/100061.jpg,否,,
10,陳亭妃,Chen Ting-Fei,女,民主進步黨,民主進步黨,臺南市第3選舉區,第10屆第1會期：經濟委員會;第10屆第2會期：經濟委員會;第10屆第2會期：修憲委員會;第10屆第3會期：經濟委員會;第10屆第3會期：紀律委員會;第10屆第3會期：修憲委員會;第10屆第4會期：經濟委員會;第10屆第5會期：經濟委員會;第10屆第6會期：經濟委員會;第10屆第7會期：經濟委員會;,2020/02/01,長榮大學經營管理學研究所博士;長榮大學經營管理學研究所碩士;文化大學;家齊女中;中山國中;協進國小,國會研究室：02-2358-6761;北區服務處：06-280-3906;安南區服務處：06-256-8012,第7、8、9、10屆立法委員第14、15、16屆台南市議員立法院民進黨團書記長立法院民進黨團副幹事長立法院民進黨團副書記長立法院外交及國防委員會 召集委員立法院教育及文化委員會 召集委員民主進步黨中央常務委員民主進步黨中央執行委員民主進步黨台南市黨部主任委員民主進步黨台南市黨部執行委員民主進步黨中央黨代表財團法人凱達格蘭基金會董事長長榮大學全國校友總會理事長社團法人台灣凱校人力發展協會理事長e世代關心協會理事長地方電視台新聞記者、主播,國會研究室：02-2358-6755;北區服務處：06-358-6489;安南區服務處：06-256-0701,國會研究室：100224台北市中正區濟南路1段3之1號1101室;北區服務處：704026臺南市北區海安路三段963號;安南區服務處：709034臺南市安南區安中路二段8號,http://www.ly.gov.tw//Images/Legislators/100062.jpg,否,,
10,陳柏惟,Chen Po-Wei,男,台灣基進,0無,臺中市第2選舉區,第10屆第1會期：外交及國防委員會;第10屆第2會期：外交及國防委員會;第10屆第2會期：修憲委員會;第10屆第3會期：外交及國防委員會;第10屆第3會期：修憲委員會;,2020/02/01,國立高雄大學資訊管理學系,國會研究室：(02)2358-8156 ;烏日服務處：(04)2337-7383;沙鹿服務處：(04)2662-0913;霧峰服務處：(04)2330-5663;大肚服務處：(04)2699-8903;龍井中央路服務處：(04)2639-1163,壘球教練電影製片電影特效部專案經理立體視覺總監,國會研究室：(02)2358-8165;烏日服務處：(04)2337-0479;沙鹿服務處：(04)2662-0915;霧峰服務處：(04)2330-5653;大肚服務處：(04)2699-8053,國會研究室：100-224 臺北市中正區濟南路一段3-1號0708室  ;烏日服務處：414-603 臺中市烏日區中山路一段525號    ;沙鹿服務處：433-107 臺中市沙鹿區中山路537號;霧峰服務處：413-007 臺中市霧峰區文化巷57號;大肚服務處：432-011 臺中市大肚區自由路148號;龍井中央路服務處：434-008 臺中市龍井區中央路三段169號,http://www.ly.gov.tw//Images/Legislators/100063.jpg,是,2021/10/28,110.10.28中選會公告罷免投票通過，自公告日起解除職務。
10,陳素月,ChenSu-Yueh,女,民主進步黨,民主進步黨,彰化縣第4選舉區,第10屆第1會期：交通委員會;第10屆第2會期：交通委員會;第10屆第3會期：交通委員會;第10屆第3會期：紀律委員會;第10屆第4會期：交通委員會;第10屆第5會期：交通委員會;第10屆第6會期：交通委員會;第10屆第7會期：交通委員會;,2020/02/01,文化大學史學研究所碩士;文化大學史學系;台中女中;南投縣名間國中、僑興國小,國會研究室：02-2358-6691;員林服務處：04-832-8552;社頭服務處：04-872-5011,第8、9屆立法委員第16、17屆彰化縣議員國立空中大學講師財團法人拓展文教基金會執行長立法委員魏明谷國會助理大葉大學兼任講師民主進步黨第10~16屆全國黨員代表彰化縣南投同鄉會總幹事員林百果山獅子會第21屆會長,國會研究室：02-2358-6695;員林服務處：04-835-3414;社頭服務處：04-872-0411,國會研究室：100224台北市中正區濟南路1段3之1號2109室;員林服務處：510006彰化縣員林市惠來里惠明街219號;社頭服務處：511001彰化縣社頭鄉員集路二段247巷60號,http://www.ly.gov.tw//Images/Legislators/100064.jpg,否,,
10,陳雪生,Chen Hsueh-Sheng,男,中國國民黨,中國國民黨,連江縣選舉區,第10屆第1會期：交通委員會;第10屆第1會期：紀律委員會;第10屆第2會期：交通委員會;第10屆第3會期：交通委員會;第10屆第4會期：交通委員會;第10屆第5會期：交通委員會;第10屆第6會期：交通委員會;第10屆第7會期：交通委員會;,2020/02/01,豐原商職,國會研究室：02-2358-6631;南竿服務處：0836-25016,第三屆國大代表第三、四屆連江縣縣長第八、九屆連江縣立法委員雪源文教基金會董事長馬祖馬尾經貿交流協會理事長國立馬祖高中校友會理事長連江縣體育會理事長,國會研究室：02-2358-6635;南竿服務處：0836-25018,國會研究室：100224台北市中正區濟南路1段3之1號2107室;南竿服務處：209001連江縣南竿鄉介壽村237號,http://www.ly.gov.tw//Images/Legislators/100065.jpg,否,,
10,陳椒華,Chen Jiau-Hua,女,時代力量,時代力量,全國不分區及僑居國外國民,第10屆第1會期：財政委員會;第10屆第1會期：程序委員會;第10屆第2會期：財政委員會;第10屆第2會期：程序委員會;第10屆第3會期：司法及法制委員會;第10屆第3會期：經費稽核委員會;第10屆第4會期：司法及法制委員會;第10屆第4會期：經費稽核委員會;第10屆第5會期：交通委員會;第10屆第5會期：經費稽核委員會;第10屆第6會期：交通委員會;第10屆第6會期：經費稽核委員會;第10屆第7會期：交通委員會;第10屆第7會期：經費稽核委員會;,2020/02/01,國立清華大學輻射生物研究所 碩士;高雄醫學院藥學系 學士;藥師國考及格 藥師,國會研究室：02-2358-6291;台北服務處：02-2598-0802;台中服務處：04-2473-6271;彰化服務處：04-722-8307;嘉義服務處：0908-320-669;台南服務處：06-222-6312;高雄服務處：07-380-9099;屏東服務處：08-734-3100;花蓮服務處：03-832-3880,嘉南藥理大學食品科技系 副教授食品工業發展研究所 副研究員台灣水資源保育聯盟 理事長台灣環境保護聯盟 理事長台灣要健康婆婆爸爸媽媽團 理事長台灣電磁輻射公害防治協會理事長台南市環境保護聯盟 理事長,國會研究室：02-2358-6295;台北服務處：02-2598-0803;台中服務處：04-2473-6280,國會研究室：100224台北市中正區濟南路1段3之1號0405室;台北服務處：103035台北市大同區延平北路四段171號1樓;台中服務處：408026台中市南屯區大墩東街11號;彰化服務處：500006彰化縣彰化市中華路151號2樓;嘉義服務處：600005嘉義市中正路658號2樓;台南服務處：700014台南市中西區海安路二段125號2樓;高雄服務處：807389高雄市三民區延慶街78號;屏東服務處：900006屏東市永福路50號;花蓮服務處：970008花蓮縣花蓮市中山路58號,http://www.ly.gov.tw//Images/Legislators/100066.jpg,否,,
10,陳超明,ChenChao-Ming,男,中國國民黨,中國國民黨,苗栗縣第1選舉區,第10屆第1會期：經濟委員會;第10屆第2會期：經濟委員會;第10屆第3會期：經濟委員會;第10屆第4會期：經濟委員會;第10屆第5會期：經濟委員會;第10屆第6會期：經濟委員會;第10屆第7會期：經濟委員會;,2020/02/01,政治大學公共行政系,國會研究室：02-2358-6611;竹南服務處：037-468-448,苗栗縣第12、13屆縣議員 第10屆省議員 第4、8、9屆立法委員 總統府顧問 行政院顧問,國會研究室：02-2358-6615;竹南服務處：037-478-508,國會研究室：100224台北市中正區濟南路1段3之1號1003室;竹南服務處：350002苗栗縣竹南鎮環市路二段139號,http://www.ly.gov.tw//Images/Legislators/100067.jpg,否,,
10,陳歐珀,Chen Ou-Po,男,民主進步黨,民主進步黨,宜蘭縣選舉區,第10屆第1會期：交通委員會;第10屆第2會期：交通委員會;第10屆第2會期：紀律委員會;第10屆第3會期：交通委員會;第10屆第4會期：交通委員會;第10屆第5會期：司法及法制委員會;第10屆第6會期：司法及法制委員會;第10屆第6會期：紀律委員會;第10屆第7會期：交通委員會;,2020/02/01,大湖國小;復興國中;國立宜蘭高級中學;國立中興大學森林所學士;國立中興大學森林研究所碩士;國立台灣大學環工所博士班候選人,國會研究室：02-2358-6220;溪北服務處：03-936-6299;溪南服務處：03-957-2099,第八、九屆立法委員(社會福利及衛生環境委員會、外交及國防委員會召委、交通委員會召委)宜蘭縣政府機要秘書勞委會羅東、新店就業服務站站長國民大會代表民進黨宜蘭縣黨部第九、十屆主委台灣省議會第十屆議員三星鄉代理鄉長(創辦蔥蒜節)宜蘭縣政府林務課課長、農務課課長、技正省政府林務局羅東林管處技術員國立宜蘭大學兼任講師,國會研究室：02-2358-6170;溪北服務處：03-936-6189;溪南服務處：03-957-2788,國會研究室：100224台北市中正區濟南路1段3之1號408室;溪北服務處：260008宜蘭縣宜蘭市民族路593號;溪南服務處：265005宜蘭縣羅東鎮興東南路152號,http://www.ly.gov.tw//Images/Legislators/100068.jpg,否,,
10,陳瑩,Chen Ying,女,民主進步黨,民主進步黨,平地原住民選舉區,第10屆第1會期：社會福利及衛生環境委員會;第10屆第2會期：社會福利及衛生環境委員會;第10屆第2會期：紀律委員會;第10屆第3會期：社會福利及衛生環境委員會;第10屆第3會期：紀律委員會;第10屆第4會期：社會福利及衛生環境委員會;第10屆第5會期：社會福利及衛生環境委員會;第10屆第6會期：社會福利及衛生環境委員會;第10屆第7會期：社會福利及衛生環境委員會;,2020/02/01,美國伊利諾大學香檳校園音樂系碩士班畢業,國會研究室：02-2358-8276;臺東服務處：089-360-612;桃園服務處：03-380-5541,第六屆平地原住民立法委員第七屆不分區立法委員社會福利及衛生環境委員會召委外交國防委員會召委第九屆平地原住民立法委員社會福利及衛生環境委員會召委立法院民進黨團書記長民進黨中常委民進黨原住民族事務部主任,國會研究室：02-2358-8280;臺東服務處：089-360-181;桃園服務處：03-380-141,國會研究室：100221台北市中正區青島東路1號3403室;臺東服務處：950021臺東縣臺東市傳廣路263號;桃園服務處：335002桃園市大溪區介壽路756號,http://www.ly.gov.tw//Images/Legislators/100069.jpg,否,,
10,傅崐萁,Fu Kun-Chi,男,中國國民黨,中國國民黨,花蓮縣選舉區,第10屆第1會期：交通委員會;第10屆第4會期：交通委員會;第10屆第5會期：交通委員會;第10屆第6會期：交通委員會;第10屆第7會期：交通委員會;,2020/02/01,省立花蓮中學;淡江大學交通管理學系;淡江大學大陸研究所碩士,國會研究室：02-2358-6208;花蓮服務處：03-853-3328,2010-2018九連冠五星縣長第16、17屆花蓮縣長第5、6、7屆立法委員立法院全院聯席會主席立法院國防委員會召集人立法院預算委員會召集人立法院親民黨團總召集人立法院世界臺商之友會副會長花蓮縣第一獅子會會長花蓮縣客屬會理事長,國會研究室：02-2358-6650;花蓮服務處：03-853-5598,國會研究室：100224台北市中正區濟南路1段3之1號0202室;花蓮服務處：973049花蓮縣吉安鄉中華路二段180號,http://www.ly.gov.tw//Images/Legislators/100070.jpg,否,,
10,曾銘宗,TsengMing-Chung,男,中國國民黨,中國國民黨,全國不分區及僑居國外國民,第10屆第1會期：財政委員會;第10屆第1會期：程序委員會;第10屆第2會期：財政委員會;第10屆第2會期：程序委員會;第10屆第2會期：修憲委員會;第10屆第3會期：財政委員會;第10屆第3會期：程序委員會;第10屆第3會期：紀律委員會;第10屆第3會期：修憲委員會;第10屆第4會期：財政委員會;第10屆第4會期：程序委員會;第10屆第5會期：司法及法制委員會;第10屆第5會期：程序委員會;第10屆第6會期：司法及法制委員會;第10屆第6會期：程序委員會;第10屆第7會期：司法及法制委員會;第10屆第7會期：程序委員會;第10屆第7會期：經費稽核委員會;,2020/02/01,臺北大學企業管理研究所博士;高雄科技大學名譽博士,國會研究室：02-2358-8286,合作金庫銀行副總經理、總經理金融監督管理委員會銀行局副局長、檢查局局長財政部常務次長、政務次長兼國安基金執行秘書財政部政務次長兼臺灣金控暨臺灣銀行董事長金融監督管理委員會主任委員台北大學講座教授立法院國民黨黨團書記長及總召集人、國民黨代理秘書長其他事項:一、財政部次長(2008年-2013年)兼任國安基金執行秘書， 97.8-12及100.12-101.1間，執行2次股市護盤工作，獲利高達374億元，對穩定股市、維持股市流動性及國庫收入均有重大貢獻。另召集公股銀行研提「青年安心成家方案」，辦理青年首次購屋貸款，截至目前已超過28萬戶，貸款金額計1兆1千億元，對協助青年朋友安心成家，卓有效益。二、金管會主委(2013年-2016年)任內推動金融打亞洲盃、金融進口替代、OBU業務負面表列、接管清算幸福人壽等三家問題保險公司、建立OIU境外保險制度、建立保險業立即糾正措施、開放當沖交易制度、放寬交易漲跌幅為10％及創立創櫃板制度政績卓著，被外界認為是歷年來最具開創性的主委！並榮獲總統府頒發景星勳章。三、2014年獲頒「李國鼎管理獎章」四、提案立法績效：(一)為維持金融秩序，保護消費者權益，全面修正提高銀行法(108.4.17總統公布)、金控法(108.1.16總統公布)罰鍰金額，俾利產生嚇阻作用，維持金融穩定。(二)為利金融創新，實現普惠金融，推動金融科技發展與創新實驗條例完成立法於107年1月31日總統公布實施。(三)為維持國家財政穩健，推動財政紀律法完成立法於108年4月10日總統公布實施。(四)為保障農民權益，俾利農業永續發展，推動農業保險法及農民退休儲金條例的立法，並分別於109年5月12日及22日完成三讀程序！五、「公民監督國會聯盟」評鑑為:優秀立委；「口袋國會」評鑑為：財政、內政委員會表現最優良立委、全院優質立委(全院僅3名委員獲獎),國會研究室：02-2358-8290,國會研究室：100221台北市中正區青島東路1號4樓3405室,http://www.ly.gov.tw//Images/Legislators/100071.jpg,否,,
10,游錫堃,You Si-Kun,男,民主進步黨,民主進步黨,全國不分區及僑居國外國民,第10屆第1會期：外交及國防委員會;第10屆第2會期：外交及國防委員會;第10屆第3會期：外交及國防委員會;第10屆第4會期：外交及國防委員會;第10屆第5會期：司法及法制委員會;第10屆第6會期：司法及法制委員會;第10屆第7會期：內政委員會;,2020/02/01,東海大學政治系畢業,院長辦公室：02-2358-5858;三重服務處：02-8972-3788,1981~1989 台灣省議會議員1986~1986 策劃民進黨圓山組黨1989~1997 宜蘭縣長1998~2001 台北藝術大學教授1998~2000 民進黨秘書長2000~2000 行政院副院長2000~2002 總統府秘書長2002~2005 行政院院長2006~2007 民進黨黨主席2020~迄今  立法院院長,院長辦公室：02-2395-5317;三重服務處：02-2973-8030,院長辦公室：100220台北市中正區中山南路1號;三重服務處：241012新北市三重區重新路四段91之1號3樓,http://www.ly.gov.tw//Images/Legislators/100072.jpg,否,,
10,湯蕙禎,TangHui-Jane,女,民主進步黨,民主進步黨,全國不分區及僑居國外國民,第10屆第1會期：內政委員會;第10屆第2會期：內政委員會;第10屆第3會期：內政委員會;第10屆第3會期：程序委員會;第10屆第4會期：內政委員會;第10屆第4會期：程序委員會;第10屆第5會期：內政委員會;第10屆第5會期：程序委員會;第10屆第6會期：內政委員會;第10屆第6會期：程序委員會;第10屆第7會期：司法及法制委員會;第10屆第7會期：程序委員會;第10屆第7會期：經費稽核委員會;,2020/02/01,台灣大學法律學系,國會研究室：02-2358-8106;龍潭服務處：03-479-6001、479-6002,第三屆國大代表桃園縣政府勞動及人力資源局長、法制處長桃園市政府民政局長,國會研究室：02-2358-8110;龍潭服務處：03-479-6003,國會研究室：100221台北市中正區青島東路1號3301室;龍潭服務處：325022桃園市龍潭區中興路673號,http://www.ly.gov.tw//Images/Legislators/100073.jpg,否,,
10,費鴻泰,Fai Hrong-Tai,男,中國國民黨,中國國民黨,臺北市第7選舉區,第10屆第1會期：財政委員會;第10屆第2會期：財政委員會;第10屆第2會期：修憲委員會;第10屆第3會期：司法及法制委員會;第10屆第3會期：程序委員會;第10屆第3會期：修憲委員會;第10屆第4會期：司法及法制委員會;第10屆第4會期：程序委員會;第10屆第5會期：財政委員會;第10屆第6會期：財政委員會;第10屆第6會期：紀律委員會;第10屆第7會期：財政委員會;,2020/02/01,美國肯塔基大學統計學博士;美國北伊諾大學統計學碩士;國立中興大學統計學學士;成功高中;大安國中;三興國小;信義國小,國會研究室：02-2358-6990;服務處：02-2729-1966,立法委員(94年迄今)中國國民黨政策會執行長國民黨中央常務委員立法院國民黨團書記長立法院財政委員會召集委員立法院程序委員會召集委員立法院經費稽核委員會委員臺北市議會副議長(87-91年)臺北市議會議員(83-94年),國會研究室：02-2358-6994;服務處：02-2720-9492,國會研究室：100224台北市中正區濟南路1段3之1號0502室;服務處：110013臺北市信義區莊敬路311號5樓,http://www.ly.gov.tw//Images/Legislators/100074.jpg,否,,
10,黃世杰,HuangShih-Chieh,男,民主進步黨,民主進步黨,桃園市第2選舉區,第10屆第1會期：內政委員會;第10屆第2會期：內政委員會;第10屆第2會期：修憲委員會;第10屆第3會期：司法及法制委員會;第10屆第3會期：紀律委員會;第10屆第3會期：修憲委員會;第10屆第4會期：司法及法制委員會;第10屆第5會期：司法及法制委員會;第10屆第5會期：紀律委員會;第10屆第6會期：司法及法制委員會;第10屆第7會期：內政委員會;,2020/02/01,2001年律師高考第一名;2001年司法官特考及格;美國哥倫比亞大學法學碩士;台灣大學法學碩士;台灣大學法律學系及社會學系雙學士;建國中學,國會研究室：02-2358-6281;大園服務處：0972-591-608;觀音服務處：0972-591-607;新屋服務處：0972-591-606;楊梅服務處：0972-591-605,桃園市政府參議顧問桃園市客家文化基金會監察人財團法人農業工程研究中心董事國際通商法律事務所律師,國會研究室：02-2358-6285,國會研究室：100224台北市中正區濟南路1段3之1號2119室;大園服務處：337017桃園市大園區中山北路159號;觀音服務處：328015桃園市觀音區中山路二段595號;新屋服務處：327005桃園市新屋區中華路237號;楊梅服務處：326001桃園市楊梅區自立街299號,http://www.ly.gov.tw//Images/Legislators/100075.jpg,否,,
10,黃秀芳,Huang Shiou-Fang,女,民主進步黨,民主進步黨,彰化縣第2選舉區,第10屆第1會期：社會福利及衛生環境委員會;第10屆第2會期：社會福利及衛生環境委員會;第10屆第3會期：社會福利及衛生環境委員會;第10屆第4會期：社會福利及衛生環境委員會;第10屆第5會期：社會福利及衛生環境委員會;第10屆第6會期：社會福利及衛生環境委員會;第10屆第7會期：社會福利及衛生環境委員會;,2020/02/01,靜宜大學外文系畢業,國會研究室：02-2358-6256;彰化服務處：04-728-0980,第九屆立法委員彰化縣第16、17、18屆議員民主進步黨全國黨代表立法委員周清玉服務處主任立法委員姚嘉文服務處助理關懷文教基金會執行長彰化縣慢速壘球協會理事長台灣關懷婦女協會理事長彰化縣花壇愛心慈善會永久會員東海大學人力資源管理班結業,國會研究室：02-2358-6260;彰化服務處：04-728-1498,國會研究室：100224台北市中正區濟南路1段3之1號0407室;彰化服務處：500004彰化縣彰化市中正路一段477號,http://www.ly.gov.tw//Images/Legislators/100076.jpg,否,,
10,黃國書,Huang Kuo-Shu,男,無黨籍,0無,臺中市第6選舉區,第10屆第1會期：教育及文化委員會;第10屆第1會期：紀律委員會;第10屆第2會期：教育及文化委員會;第10屆第3會期：教育及文化委員會;第10屆第4會期：教育及文化委員會;第10屆第5會期：教育及文化委員會;第10屆第6會期：教育及文化委員會;第10屆第7會期：教育及文化委員會;,2020/02/01,國立中興大學國際政治研究所碩士;國立臺北藝術大學;國立臺中一中,國會研究室：02-2358-6846;東南區服務處：04-2261-2525;中西區服務處：04-2376-8701,第9屆立法委員第8屆立法委員臺中市議員（連任五屆1998.03.01~2016.01.31）民進黨第7屆中央評議委員國立中興大學第廿屆傑出校友臺中市醫師公會顧問臺中一中校友會監事,國會研究室：02-2358-6850;東南區服務處：04-2260-3636;中西區服務處：04-2376-8702,國會研究室：100224台北市中正區濟南路1段3之1號0302室;東南區服務處：402017臺中市南區南平路35-17號;中西區服務處：403029臺中市西區美村路一段632號B1,http://www.ly.gov.tw//Images/Legislators/100077.jpg,否,,
10,楊曜,Yang Yao,男,民主進步黨,民主進步黨,澎湖縣選舉區,第10屆第1會期：社會福利及衛生環境委員會;第10屆第2會期：社會福利及衛生環境委員會;第10屆第3會期：社會福利及衛生環境委員會;第10屆第4會期：社會福利及衛生環境委員會;第10屆第5會期：社會福利及衛生環境委員會;第10屆第6會期：社會福利及衛生環境委員會;第10屆第7會期：社會福利及衛生環境委員會;,2020/02/01,東海大學法律系畢業,國會研究室：02-2358-6736;澎湖服務處：06-921-8678,澎湖縣工業策進會總幹事澎湖縣中小企業服務中心主任民進黨澎湖縣黨部執行長澎湖縣議會第16屆議員澎湖縣議會第17屆議員民進黨澎湖縣黨部主委立法院(第8-9屆)委員,國會研究室：02-2358-6740;澎湖服務處：06-921-1317,國會研究室：100224台北市中正區濟南路1段3之1號0205室;澎湖服務處：880009澎湖縣馬公市新店路473號,http://www.ly.gov.tw//Images/Legislators/100078.jpg,否,,
10,楊瓊瓔,Yang Chiung-Ying,女,中國國民黨,中國國民黨,臺中市第3選舉區,第10屆第1會期：經濟委員會;第10屆第2會期：經濟委員會;第10屆第2會期：紀律委員會;第10屆第2會期：修憲委員會;第10屆第3會期：經濟委員會;第10屆第3會期：修憲委員會;第10屆第4會期：經濟委員會;第10屆第5會期：經濟委員會;第10屆第6會期：經濟委員會;第10屆第6會期：紀律委員會;第10屆第7會期：經濟委員會;,2020/02/01,東海大學社會學系畢業;東海大學公共事務碩士;亞洲大學健康產業管理學系博士候選人,國會研究室：02-2358-8006;大雅服務處：04-2568-5512,臺中市副市長立法院第四、五、六、七、八屆立法委員立法院國民黨團書記長立法院財政、經濟、教育及文化委員會召集委員立法院中美洲議會觀察員臺灣省議會第九、十屆省議員國民黨副秘書長、中央常務委員、婦工會主任,國會研究室：02-2358-8010;大雅服務處：04-2568-2112,國會研究室：100224台北市中正區濟南路1段3之1號2108室;大雅服務處：428004台中市大雅區學府路405號,http://www.ly.gov.tw//Images/Legislators/100079.jpg,否,,
10,溫玉霞,WenYu-Hsia,女,中國國民黨,中國國民黨,全國不分區及僑居國外國民,第10屆第1會期：外交及國防委員會;第10屆第2會期：外交及國防委員會;第10屆第3會期：外交及國防委員會;第10屆第3會期：程序委員會;第10屆第4會期：外交及國防委員會;第10屆第4會期：程序委員會;第10屆第5會期：外交及國防委員會;第10屆第6會期：外交及國防委員會;第10屆第7會期：社會福利及衛生環境委員會;,2020/02/01,美國密拉瑪大學MBA碩士學位,國會研究室：02-2358-6236,總統府國策顧問世界台灣商會聯合總會第十一屆總會長中華民國僑務委員中華民國僑務諮詢委員 世界台灣商會聯合總會名譽總會長世界台灣商會聯合總會第八屆監事長非洲台灣商會聯合總會監事長海華文教基金會董事世界華人工商婦女企管協會監事長世界華人工商婦女企管協會南非洲創會總會長南非賴斐台商學校董事長南非吳趙歸獎學金基金會董事長賴索托日產汽車總代理董事長賴索托 UD 卡車總代理董事長賴索托紙業股份有限公司董事長賴索托阿彌陀佛關懷中心(孤兒院)董事長,國會研究室：02-2358-6240,國會研究室：100224台北市中正區濟南路1段3之1號1108室,http://www.ly.gov.tw//Images/Legislators/100080.jpg,否,,
10,萬美玲,WanMei-Ling,女,中國國民黨,中國國民黨,桃園市第4選舉區,第10屆第1會期：教育及文化委員會;第10屆第2會期：教育及文化委員會;第10屆第2會期：紀律委員會;第10屆第3會期：教育及文化委員會;第10屆第4會期：教育及文化委員會;第10屆第4會期：程序委員會;第10屆第5會期：教育及文化委員會;第10屆第5會期：程序委員會;第10屆第6會期：教育及文化委員會;第10屆第7會期：教育及文化委員會;,2020/02/01,美國明尼蘇達州立曼徹普立敦大學,國會研究室：02-2358-6156;桃園服務處：03-2288-959,廣州暨南大學國際關係研究所碩士桃園縣第15、16、17屆縣議員桃園市第1、2屆市議員桃園市議會教育審查小組召集人朱立倫競選總統辦公室新聞發言人中山國小家長會長中興國中管樂班後援會會長兒童少年保護協會理事長桃園區女青年會理事長婦女企管協會理事長嘉義同鄉會副理事長江西同鄉會理事長,國會研究室：02-2358-6160;桃園服務處：03-2288-956,國會研究室：100224台北市中正區濟南路1段3之1號0406室;桃園服務處：330057桃園市桃園區泰昌三街30號,http://www.ly.gov.tw//Images/Legislators/100081.jpg,否,,
10,游毓蘭,YuYu-Lan,女,中國國民黨,中國國民黨,全國不分區及僑居國外國民,第10屆第1會期：內政委員會;第10屆第2會期：內政委員會;第10屆第3會期：司法及法制委員會;第10屆第3會期：紀律委員會;第10屆第4會期：司法及法制委員會;第10屆第5會期：司法及法制委員會;第10屆第5會期：程序委員會;第10屆第6會期：司法及法制委員會;第10屆第6會期：程序委員會;第10屆第7會期：內政委員會;,2020/02/01,宜蘭縣礁溪鄉三民國民小學;台北市老松國民小學;台北市古亭女子國民中學;台北市第一女子高級中學;中央警察大學公共安全系;美國西伊利諾大學警政管理碩士;美國伊利諾大學公共政策分析博士,國會研究室：02-2358-6299;板橋服務處：02-8252-0666,亞洲警察學會主席、亞洲警察學會秘書長中央警察大學推廣教育中心主任、圖書館館長、外事警察學系主任兼外事警察研究所所長、行政警察學系主任、警察政策研究所所長台北市婦女救援基金會董事長美國布魯金斯研究院研究員總統府人權諮詢委員會委員新住民發展基金會委員,國會研究室：02-2358-6300;板橋服務處：02-8252-5777,國會研究室：100008台北市中正區青島東路10號3505室;板橋服務處：220469新北市板橋區文化路二段182巷1弄10號,http://www.ly.gov.tw//Images/Legislators/100082.jpg,否,,
10,廖國棟Sufin‧Siluko,Liao Kuo-Tung,男,中國國民黨,中國國民黨,平地原住民選舉區,第10屆第1會期：經濟委員會;第10屆第1會期：紀律委員會;第10屆第3會期：社會福利及衛生環境委員會;第10屆第4會期：社會福利及衛生環境委員會;第10屆第5會期：社會福利及衛生環境委員會;第10屆第6會期：社會福利及衛生環境委員會;第10屆第7會期：經濟委員會;,2020/02/01,高雄醫學大學醫學系,國會研究室：02-2358-8176;台東服務處：089-228-698、228-798,立法院國民黨黨團總召第五.六.七.八.九屆立法委員第三屆國大代表臺東縣基督教醫院主治醫師臺東縣衛生局課長臺東縣延平.海端.蘭嶼.成功.長濱等鄉鎮衛生所主任兼醫師立法院厚生會會長東甯診所院長中華海峽兩岸醫療暨健康產業發展協會理事長立法院國民黨黨團書記長國民黨中常委,國會研究室：02-2358-8180;台東服務處：089-228-600、237-520,國會研究室：100224台北市中正區濟南路1段3之1號0807室;台東服務處：950007臺東市四維路3段72號,http://www.ly.gov.tw//Images/Legislators/100083.jpg,否,,
10,廖婉汝,LiaoWan-Ju,女,中國國民黨,中國國民黨,全國不分區及僑居國外國民,第10屆第1會期：社會福利及衛生環境委員會;第10屆第2會期：社會福利及衛生環境委員會;第10屆第2會期：修憲委員會;第10屆第3會期：外交及國防委員會;第10屆第3會期：紀律委員會;第10屆第3會期：修憲委員會;第10屆第3會期：經費稽核委員會;第10屆第4會期：外交及國防委員會;第10屆第4會期：經費稽核委員會;第10屆第5會期：外交及國防委員會;第10屆第6會期：外交及國防委員會;第10屆第7會期：外交及國防委員會;,2020/02/01,車城國小;高雄市私立道明中學國中部;高雄女中;國立臺灣師範大學;國立政治大學EMBA經營管理碩士,國會研究室：02-2358-6221;潮州服務處：08-780-0967,行政院顧問第四、五、六、七屆立法委員第二、三屆國大代表中國國民黨中央委員、中常委、中央評議委員、屏東縣黨部主任委員屏東縣工業會顧問、屏東縣婦女會理事長、屏東縣女童軍會理事長、青溪婦聯會屏東縣支會主委、屏東縣婦女之家服務協會理事長中華民國工商建研會第20期會長、台灣農業整合行銷發展協會理事長,國會研究室：02-2358-6225;潮州服務處：08-780-0978,國會研究室：100221台北市中正區青島東路1號3309室;潮州服務處：920002屏東縣潮州鎮永春里北平路62號,http://www.ly.gov.tw//Images/Legislators/100084.jpg,否,,
10,管碧玲,Kuan Bi-Ling,女,民主進步黨,民主進步黨,全國不分區及僑居國外國民,第10屆第1會期：內政委員會;第10屆第1會期：程序委員會;第10屆第1會期：紀律委員會;第10屆第2會期：內政委員會;第10屆第2會期：程序委員會;第10屆第2會期：修憲委員會;第10屆第3會期：內政委員會;第10屆第3會期：程序委員會;第10屆第3會期：修憲委員會;第10屆第4會期：內政委員會;第10屆第4會期：程序委員會;第10屆第5會期：內政委員會;第10屆第5會期：程序委員會;第10屆第6會期：內政委員會;第10屆第6會期：程序委員會;,2020/02/01,台灣大學政治學博士,國會研究室：02-2358-8146;內惟服務處：07-533-0227,哈佛大學甘迺迪政府學院國家與國際安全高階行政專班結業臺北大學公共行政暨政策系副教授台灣教授協會秘書長第六、七、八、九、十屆立法委員高雄市新聞處處長、高雄市文化局長立法院教育文化委員會、交通委員會 召集委員立法院民進黨黨團幹事長民進黨中央黨部政策中心主任民進黨中常委、中執委,國會研究室：02-2358-8150;內惟服務處：07-521-5237,國會研究室：100224台北市中正區濟南路1段3之1號0901室;內惟服務處：804011高雄市鼓山區九如四路1097號,http://www.ly.gov.tw//Images/Legislators/100085.jpg,是,2023/01/31,辭職
10,趙天麟,Chao Tien-Lin,男,民主進步黨,民主進步黨,高雄市第6選舉區,第10屆第1會期：外交及國防委員會;第10屆第2會期：外交及國防委員會;第10屆第2會期：修憲委員會;第10屆第3會期：外交及國防委員會;第10屆第3會期：紀律委員會;第10屆第3會期：修憲委員會;第10屆第4會期：外交及國防委員會;第10屆第5會期：外交及國防委員會;第10屆第6會期：外交及國防委員會;第10屆第7會期：外交及國防委員會;,2020/02/01,國立中山大學公共政策碩士,國會研究室：02-2358-6576;高雄服務處：07-333-6868,第8、9、10屆立法委員第6、7屆高雄市議員美國國務院IVLP國際訪問學人日本慶應大學法學部訪問研究員高雄科技大學工管博士班肄業陳其邁、陳菊、謝長廷高雄市長競選總幹事及發言人民進黨中國部、文宣部、青年部主任、發言人、中央執行委員高雄世新大學、真理大學校友會理事長前金教會執事,國會研究室：02-2358-6580;高雄服務處：07-333-6860,國會研究室：100224台北市中正區濟南路1段3之1號1103室;高雄服務處：802697高雄市苓雅區民權一路53號,http://www.ly.gov.tw//Images/Legislators/100086.jpg,否,,
10,趙正宇,Chao Cheng-Yu,男,無黨籍,民主進步黨,桃園市第6選舉區,第10屆第1會期：交通委員會;第10屆第2會期：交通委員會;第10屆第3會期：交通委員會;第10屆第4會期：交通委員會;第10屆第5會期：交通委員會;第10屆第6會期：交通委員會;第10屆第7會期：交通委員會;,2020/02/01,銘傳大學公共事務學系研究所碩士,國會研究室：02-2358-6896;八德辦公室：03-366-1613;大溪服務處：03-387-0097,八德市公所秘書八德市市民代表桃園縣第15、16、17屆縣議員桃園市第1屆市議員立法院第九屆立法委員,國會研究室：02-2358-6900;八德辦公室：03-361-7569;大溪服務處：03-388-0727,國會研究室：100224台北市中正區濟南路1段3之1號1002室;八德辦公室：334010桃園市八德區永福西街38號;大溪服務處：335013桃園市大溪區民權東路143號,http://www.ly.gov.tw//Images/Legislators/100087.jpg,否,,
10,劉世芳,Liu Shyh-Fang,女,民主進步黨,民主進步黨,高雄市第3選舉區,第10屆第1會期：司法及法制委員會;第10屆第2會期：司法及法制委員會;第10屆第2會期：修憲委員會;第10屆第3會期：司法及法制委員會;第10屆第3會期：修憲委員會;第10屆第4會期：司法及法制委員會;第10屆第5會期：交通委員會;第10屆第6會期：交通委員會;第10屆第6會期：紀律委員會;第10屆第7會期：外交及國防委員會;,2020/02/01,美國奧克拉荷馬州州立大學環境工程碩士;淡江大學化學工程系學士,國會研究室：02-2358-6066;高雄服務處：07-5566-813,第九屆立法委員高雄市副市長2009高雄世運組委會常務董事國家安全會議副秘書長總統府副秘書長行政院秘書長第五屆立法委員台中縣副縣長台北市環保局長澎湖縣政府機要秘書工研院副工程師,國會研究室：02-2358-6070;高雄服務處：07-5566-322,國會研究室：100224台北市中正區濟南路1段3之1號0308室;高雄服務處：813018高雄市左營區明誠二路402號,http://www.ly.gov.tw//Images/Legislators/100088.jpg,否,,
10,劉建國,Liu  Chien-Kuo,男,民主進步黨,民主進步黨,雲林縣第2選舉區,第10屆第1會期：社會福利及衛生環境委員會;第10屆第1會期：紀律委員會;第10屆第2會期：社會福利及衛生環境委員會;第10屆第3會期：外交及國防委員會;第10屆第4會期：外交及國防委員會;第10屆第5會期：司法及法制委員會;第10屆第6會期：司法及法制委員會;第10屆第7會期：司法及法制委員會;,2020/02/01,南華大學管理學碩士,國會研究室：02-2358-8088;斗六服務處：05-534-2586;西螺服務處：05-587-3586;斗南服務處：05-595-3586;古坑服務處：05-582-9559,立法院第七、八、九屆立法委員立法院社會福利及衛生環境委員會召委立法院厚生會會長民進黨議會黨團召集人暨第十五、十六屆議員、縣議會教育及預算小組召集人第六屆斗六市民代表雲林縣體育會副理事長雲林縣棒球委員會主委雲林縣社會關懷協會創會理事長,國會研究室：02-2358-8089;斗六服務處：05-532-2270;斗南服務處：05-595-1270;古坑服務處：05-582-9559,國會研究室：100224台北市中正區濟南路1段3之1號0602室;斗六服務處：640101雲林縣斗六市公明路3號;西螺服務處：648003雲林縣西螺鎮中正路222號;斗南服務處：630041雲林縣斗南鎮東光二街20號;古坑服務處：646010雲林縣古坑鄉新生路11-1號,http://www.ly.gov.tw//Images/Legislators/100089.jpg,否,,
10,劉櫂豪,Liu Chao-Hao,男,民主進步黨,民主進步黨,臺東縣選舉區,第10屆第1會期：交通委員會;第10屆第2會期：交通委員會;第10屆第2會期：紀律委員會;第10屆第3會期：交通委員會;第10屆第4會期：交通委員會;第10屆第5會期：交通委員會;第10屆第6會期：交通委員會;第10屆第7會期：交通委員會;,2020/02/01,國立政治大學法律學系畢業;司法官特考及格;律師高考及格,國會研究室：02-2358-6286;臺東服務處：089-310-979;東海岸服務處：089-831-188;南迴線服務處：089-702-191;縱谷線服務處：089-862-345;縱谷線服務處：0939-024126,高雄地方法院 法官台東地方法院 法官台東縣政府 副縣長劉櫂豪律師事務所 負責人/律師民進黨中央黨部 組織推廣部主任第8~10屆立法委員,國會研究室：02-2358-6290;臺東服務處：089-310-879;東海岸服務處：089-832-772;縱谷線服務處：089-863-525,國會研究室：100224台北市中正區濟南路1段3之1號0303室;臺東服務處：950021臺東市傳廣路18號;東海岸服務處：962001臺東縣長濱鄉長濱村4鄰12-14號;南迴線服務處：965臺東縣大武鄉南興村5鄰55號;縱谷線服務處：958003臺東縣池上鄉新生路231號;縱谷線服務處：958003臺東縣池上鄉中正路1號,http://www.ly.gov.tw//Images/Legislators/100090.jpg,否,,
10,蔡其昌,Tsai Chi-Chang,男,民主進步黨,民主進步黨,臺中市第1選舉區,第10屆第1會期：司法及法制委員會;第10屆第2會期：交通委員會;第10屆第2會期：司法及法制委員會;第10屆第3會期：交通委員會;第10屆第4會期：交通委員會;第10屆第5會期：司法及法制委員會;第10屆第6會期：司法及法制委員會;第10屆第7會期：財政委員會;,2020/02/01,臺灣省立清水高級中學（1987年）;東海大學歷史學系;東海大學歷史學碩士（1995年）;國立中興大學EMBA財金組（2008年）;泰國國立湄州大學觀光發展榮譽博士(2019年),國會研究室：02-2358-6151;清水服務處：04-2623-8581;大甲服務處：04-2688-7555,立法院副院長第6屆、第8屆、第9屆立法委員中興大學財金所博士班；中興大學校友總會理事長民主進步黨中常委、發言人臺中縣政府民政局長；臺中縣工業策進會總幹事靜宜大學、聯合大學兼任講師臺中市壘球委員會主任委員,國會研究室：02-2358-6155;清水服務處：04-2623-8583;大甲服務處：04-2688-9123,國會研究室：100224台北市中正區濟南路1段3之1號12樓;清水服務處：436045臺中市清水區中華路448號;大甲服務處：437006臺中市大甲區文武路274號,http://www.ly.gov.tw//Images/Legislators/100091.jpg,否,,
10,蔡易餘,Tsai Yi-Yu,男,民主進步黨,民主進步黨,嘉義縣第1選舉區,第10屆第1會期：司法及法制委員會;第10屆第2會期：司法及法制委員會;第10屆第2會期：紀律委員會;第10屆第2會期：修憲委員會;第10屆第3會期：經濟委員會;第10屆第3會期：修憲委員會;第10屆第4會期：經濟委員會;第10屆第5會期：交通委員會;第10屆第6會期：交通委員會;第10屆第7會期：經濟委員會;,2020/02/01,台灣大學財經法律學系畢業;台灣大學農學院生傳所碩士班,國會研究室：02-2358-6388;朴子服務處：05-370-8518;水上服務處：05-268-6860,萬國法律事務所律師民主進步黨中央執行委員台灣陪審團協會理事凱達格蘭基金會理事小英教育基金會顧問民主進步黨嘉義縣黨部主委第9、10屆立法委員,國會研究室：02-2358-6385;朴子服務處：05-370-8519;水上服務處：05-268-6863,國會研究室：100224台北市中正區濟南路1段3之1號0707室;朴子服務處：613002嘉義縣朴子市文化北路120號;水上服務處：608017嘉義縣水上鄉水頭村中興路183號,http://www.ly.gov.tw//Images/Legislators/100092.jpg,否,,
10,蔡適應,Tsai Shih-Ying,男,民主進步黨,民主進步黨,基隆市選舉區,第10屆第1會期：外交及國防委員會;第10屆第1會期：紀律委員會;第10屆第2會期：外交及國防委員會;第10屆第3會期：外交及國防委員會;第10屆第4會期：外交及國防委員會;第10屆第5會期：外交及國防委員會;第10屆第6會期：外交及國防委員會;第10屆第7會期：外交及國防委員會;,2020/02/01,國立臺北大學都市計劃研究所博士;淡江大學戰略所碩士;東海大學政治系,國會研究室：02-2358-6686;安樂服務處：02-2431-0070;基隆服務處：02-2426-0182,立法院外交國防委員會召集委員、民進黨立院黨團書記長台灣歐洲議會友好協會會長基隆市議員陸軍志願役指職軍官班第一期、備役上尉家扶中心助養人基隆觀光協會理事長立委王拓服務處副主任臺北大學都市計劃研究所博士候選人比利時魯汶大學訪問學人經國管理學院講師民進黨中央黨部發言人、市黨部主委,國會研究室：02-2358-6690;安樂服務處：02-2431-0071;基隆服務處：02-2426-0183,國會研究室：100224台北市中正區濟南路1段3之1號0505室;安樂服務處：204008基隆市安樂區基金一路135巷21弄2-1號;基隆服務處：202001基隆市中正區義一路114號2樓,http://www.ly.gov.tw//Images/Legislators/100093.jpg,否,,
10,蔡壁如,TsaiPi-Ru,女,台灣民眾黨,台灣民眾黨,全國不分區及僑居國外國民,第10屆第1會期：財政委員會;第10屆第1會期：經費稽核委員會;第10屆第2會期：財政委員會;第10屆第2會期：經費稽核委員會;第10屆第3會期：經濟委員會;第10屆第3會期：經費稽核委員會;第10屆第4會期：經濟委員會;第10屆第4會期：經費稽核委員會;第10屆第5會期：社會福利及衛生環境委員會;第10屆第5會期：程序委員會;,2020/02/01,德明財經科技大學;資訊管理碩士,國會研究室：02-2358-6696;立法委員蔡壁如國會高雄辦公室：07-9567057;立法委員蔡壁如國會嘉義辦公室：05-2160600;立法委員蔡壁如國會台南辦公室：06-2672030,臺北市政府 顧問臺大醫院葉克膜小組 組長臺大醫院 護理師,國會研究室：02-2358-6605;立法委員蔡壁如國會高雄辦公室：07-2157111;立法委員蔡壁如國會嘉義辦公室：05-2160600;立法委員蔡壁如國會台南辦公室：06-2672030,國會研究室：100224台北市中正區濟南路1段3之1號0908室;立法委員蔡壁如國會高雄辦公室：801754高雄市前金區中山二路505號12樓;立法委員蔡壁如國會嘉義辦公室：60048嘉義市光彩街563號;立法委員蔡壁如國會台南辦公室：70171台南市東區崇道路3號,http://www.ly.gov.tw//Images/Legislators/100094.jpg,是,2022/10/17,辭職
10,蔣萬安,Chiang Wan-An,男,中國國民黨,中國國民黨,臺北市第3選舉區,第10屆第1會期：社會福利及衛生環境委員會;第10屆第1會期：程序委員會;第10屆第2會期：社會福利及衛生環境委員會;第10屆第2會期：程序委員會;第10屆第2會期：紀律委員會;第10屆第3會期：社會福利及衛生環境委員會;第10屆第4會期：社會福利及衛生環境委員會;第10屆第5會期：社會福利及衛生環境委員會;第10屆第6會期：社會福利及衛生環境委員會;,2020/02/01,台北市建國高級中學;國立政治大學法律系.外交系雙學士;美國賓夕法尼亞大學法學院法學碩士;美國賓夕法尼亞大學法學院法律博士,國會研究室：02-2358-8268;中山區服務處：02-2511-2711,第九屆立法委員立法院厚生會會長萬澤外國法事務律師事務所主持律師美國WSGR律師事務所執業律師,國會研究室：02-2358-8270;中山區服務處：02-2511-2719,國會研究室：100224台北市中正區濟南路1段3之1號1107室;中山區服務處：104024臺北市中山區新生北路二段127巷8號,http://www.ly.gov.tw//Images/Legislators/100095.jpg,是,2022/11/10,辭職
10,鄭天財 Sra Kacaw,Jeng Tian-Tsair,男,中國國民黨,中國國民黨,平地原住民選舉區,第10屆第1會期：內政委員會;第10屆第2會期：內政委員會;第10屆第2會期：交通委員會;第10屆第2會期：紀律委員會;第10屆第2會期：修憲委員會;第10屆第3會期：交通委員會;第10屆第3會期：修憲委員會;第10屆第4會期：交通委員會;第10屆第5會期：內政委員會;第10屆第5會期：紀律委員會;第10屆第6會期：內政委員會;第10屆第7會期：內政委員會;,2020/02/01,國立臺灣大學法律系畢業,國會研究室：02-2358-6831;花蓮服務處：03-851-2306,第8屆、第9屆立法委員臺灣省政府法規會編審臺灣省政府原住民行政局副局長臺灣省政府原住民事務委員會副主任委員行政院原住民族委員會教育文化處處長、社會福利處處長、企劃處處長行政院原住民族委員會副主任委員臺灣省政府副秘書長榮獲考試院頒發91年公務人員傑出貢獻獎法務部司法官學院講師【獲頒財經立法促進院國會評鑑】第8屆第1會期、第2會期司法法制委員會績優立委（註：財經立法促進院自第8屆第4會期起未進行評鑑）【獲頒財團法人二十一世紀基金會-口袋國會評鑑】第9屆第1會期全院整體表現優質立委第9屆第1會期交通委員會優良立委第9屆第3會期全院整體表現優質立委第9屆第5會期內政委員會優質立委第9屆第6會期全院整體表現優質立委第9屆全屆全院整體表現優質立委第9屆全屆平地原住民優良立委,國會研究室：02-2358-6835;花蓮服務處：03-851-3306,國會研究室：100224台北市中正區濟南路1段3之1號0307室;花蓮服務處：973039花蓮縣吉安鄉南昌村南昌路90號,http://www.ly.gov.tw//Images/Legislators/100096.jpg,否,,
10,鄭正鈐,ChengCheng-Chien,男,中國國民黨,中國國民黨,新竹市選舉區,第10屆第1會期：教育及文化委員會;第10屆第2會期：教育及文化委員會;第10屆第3會期：教育及文化委員會;第10屆第4會期：教育及文化委員會;第10屆第5會期：教育及文化委員會;第10屆第6會期：教育及文化委員會;第10屆第6會期：紀律委員會;第10屆第7會期：教育及文化委員會;,2020/02/01,中華大學科技管理研究所博士;政治大學東亞研究所碩士;政治大學新聞系/外交系;新竹中學/培英國中/曙光小學/東園國小,國會研究室：02-2358-8121;新竹服務處：03-562-3699,中華民國第十屆立法委員新竹市議會第6、7、8、9、10屆市議員國民黨中央組發會副主委國民黨第18、19、20屆中央委員國民黨新竹市青工總會長國民黨新竹市黨部副主任委員玄奘大學、中華大學助理教授工商時報記者,國會研究室：02-2358-8125;新竹服務處：03-562-8105,國會研究室：100221台北市中正區青島東路1號3106室;新竹服務處：300031新竹市東區公園路148號,http://www.ly.gov.tw//Images/Legislators/100097.jpg,否,,
10,鄭運鵬,Cheng Yun-Peng,男,民主進步黨,民主進步黨,桃園市第1選舉區,第10屆第1會期：司法及法制委員會;第10屆第2會期：司法及法制委員會;第10屆第3會期：經濟委員會;第10屆第4會期：經濟委員會;第10屆第5會期：司法及法制委員會;第10屆第6會期：司法及法制委員會;第10屆第7會期：司法及法制委員會;,2020/02/01,台北市立福星國小畢業;台北市私立延平中學直升畢業;國立台灣大學土木系畢業,國會研究室：02-2358-6666;桃園服務中心：03-335-7255;龜山服務處：03-350-9005;蘆竹服務處：03-322-1955,高雄市政府工務局機要秘書謝長廷高雄市長競選總部發言人、政策部主任民進黨文宣部主任民進黨網路部主任民進黨組織部主任民進黨發言人第6、9屆立法委員,國會研究室：02-2358-6670;桃園服務中心：03-335-2611;龜山服務處：03-350-9015;蘆竹服務處：03-322-3150,國會研究室：100224台北市中正區濟南路1段3之1號0608室;桃園服務中心：330015桃園市桃園區自強路224號;龜山服務處：333019桃園市龜山區萬壽路二段1050號;蘆竹服務處：338213桃園市蘆竹區光明路二段233號,http://www.ly.gov.tw//Images/Legislators/100098.jpg,否,,
10,鄭麗文,Cheng Li-Wun,女,中國國民黨,中國國民黨,全國不分區及僑居國外國民,第10屆第1會期：司法及法制委員會;第10屆第1會期：程序委員會;第10屆第2會期：司法及法制委員會;第10屆第2會期：程序委員會;第10屆第2會期：修憲委員會;第10屆第3會期：司法及法制委員會;第10屆第3會期：程序委員會;第10屆第3會期：修憲委員會;第10屆第4會期：司法及法制委員會;第10屆第5會期：內政委員會;第10屆第6會期：內政委員會;第10屆第7會期：教育及文化委員會;,2020/02/01,英國劍橋大學國際關係碩士;美國天普大學法學碩士;國立台灣大學法律系畢,國會研究室：02-2358-6866,行政院發言人第七屆立法委員中國國民黨副秘書長中國國民黨文傳會主委暨發言人第三屆國大代表,國會研究室：02-2358-6870,國會研究室：100221台北市中正區青島東路1號3203室,http://www.ly.gov.tw//Images/Legislators/100099.jpg,否,,
10,魯明哲,Lu Ming-Che,男,中國國民黨,中國國民黨,桃園市第3選舉區,第10屆第1會期：交通委員會;第10屆第2會期：修憲委員會;第10屆第3會期：內政委員會;第10屆第3會期：修憲委員會;第10屆第4會期：內政委員會;第10屆第5會期：交通委員會;第10屆第6會期：交通委員會;第10屆第6會期：紀律委員會;第10屆第7會期：交通委員會;,2020/02/01,國立政治大學企業管理系;元智大學企業管理系碩士,國會研究室：02-2358-6681;中壢市區服務處：03-425-2121;中壢龍岡服務處：03-456-1510,第九屆中壢市市民代表第十五屆桃園縣議員第十六屆桃園縣議員第十二屆中壢市市長第一屆桃園市議員第二屆桃園市議員,國會研究室：02-2358-6685;中壢市區服務處：03-422-6566;中壢龍岡服務處：03-436-1457,國會研究室：100224台北市中正區濟南路1段3之1號1107室;中壢市區服務處：320675桃園市中壢區環北路398號5樓之7;中壢龍岡服務處：320038桃園市中壢區龍東路932之2號,http://www.ly.gov.tw//Images/Legislators/100100.jpg,否,,
10,賴士葆,LaiShyh-Bao,男,中國國民黨,中國國民黨,臺北市第8選舉區,第10屆第1會期：財政委員會;第10屆第1會期：紀律委員會;第10屆第2會期：財政委員會;第10屆第3會期：財政委員會;第10屆第3會期：修憲委員會;第10屆第4會期：財政委員會;第10屆第5會期：財政委員會;第10屆第6會期：財政委員會;第10屆第7會期：財政委員會;,2020/02/01,美國南加州大學工業與系統工程碩士、博士;國立政治大學企管所碩士;國立成功大學機械系學士,國會研究室：02-2358-8166;文山服務處：02-2935-5358,第3屆國民大會代表第4、6、7、8、9屆立法委員臺北市政府市政顧問團總召集人臺北市政府經濟發展委員會副總召集人、首席顧問臺北市政府花博顧問考試院典試委員國立政治大學企研所所長、教授,國會研究室：02-2358-8170;文山服務處：02-2930-0945,國會研究室：100221台北市中正區青島東路1號3110室;文山服務處：116051台北市文山區景興路254號,http://www.ly.gov.tw//Images/Legislators/100101.jpg,否,,
10,賴品妤,LaiPin-Yu,女,民主進步黨,民主進步黨,新北市第12選舉區,第10屆第1會期：教育及文化委員會;第10屆第2會期：教育及文化委員會;第10屆第3會期：教育及文化委員會;第10屆第4會期：教育及文化委員會;第10屆第5會期：教育及文化委員會;第10屆第5會期：紀律委員會;第10屆第6會期：教育及文化委員會;第10屆第7會期：內政委員會;,2020/02/01,國立臺北大學法律學系畢業,國會研究室：02-2358-8116;汐止服務處：02-26902345;瑞芳服務處：02-24966600,立法委員林昶佐國會辦公室法案助理318太陽花運動參與者黑色島國青年陣線發言人反媒體壟斷青年聯盟參與者,國會研究室：02-2358-8120;汐止服務處：02-26902315;瑞芳服務處：02-24966622,國會研究室：100224台北市中正區濟南路1段3之1號2103室;汐止服務處：221037新北市汐止區大同路二段493號;瑞芳服務處：224004新北市瑞芳區明燈路二段40之1號,http://www.ly.gov.tw//Images/Legislators/100102.jpg,否,,
10,賴香伶,LaiHsiang-Ling,女,台灣民眾黨,台灣民眾黨,全國不分區及僑居國外國民,第10屆第1會期：司法及法制委員會;第10屆第2會期：司法及法制委員會;第10屆第2會期：修憲委員會;第10屆第3會期：社會福利及衛生環境委員會;第10屆第3會期：程序委員會;第10屆第3會期：修憲委員會;第10屆第4會期：社會福利及衛生環境委員會;第10屆第4會期：程序委員會;第10屆第5會期：內政委員會;第10屆第6會期：內政委員會;第10屆第7會期：司法及法制委員會;,2020/02/01,世新大學社會發展研究所;輔仁大學企業管理系,國會研究室：02-2358-6800,台北市政府勞動局局長,國會研究室：02-2358-6799,國會研究室：100224台北市中正區濟南路1段3之1號0507室,http://www.ly.gov.tw//Images/Legislators/100103.jpg,否,,
10,賴惠員,LaiHui-Yuan,女,民主進步黨,民主進步黨,臺南市第1選舉區,第10屆第1會期：內政委員會;第10屆第1會期：經費稽核委員會;第10屆第2會期：內政委員會;第10屆第2會期：經費稽核委員會;第10屆第3會期：社會福利及衛生環境委員會;第10屆第4會期：社會福利及衛生環境委員會;第10屆第5會期：社會福利及衛生環境委員會;第10屆第5會期：紀律委員會;第10屆第6會期：社會福利及衛生環境委員會;第10屆第7會期：社會福利及衛生環境委員會;,2020/02/01,國立中正大學政治所碩士;國立嘉義大學獸醫科,國會研究室：02-2358-6906;新營服務處：06-657-1515,臺南市政府民治市政中心市長辦公室主任臺南市第一、二屆議員民主進步黨中央評議委員臺南市議會民主進步黨黨團總召集人民主進步黨全國黨代表民主進步黨薦任任務型國大代表臺南市警察局義警顧問團長臺南市籃球委員會主任委員新營區柔道委員會主任委員新營高中家長會長新進國小家長會副會長新東國中家長會副會長國立嘉義大學講師嘉義大學臺南縣校友會理事長臺南縣政府顧問,國會研究室：02-2358-6910;新營服務處：06-657-1212,國會研究室：100224台北市中正區濟南路1段3之1號0603室;新營服務處：730007台南市新營區民治路146-2號,http://www.ly.gov.tw//Images/Legislators/100104.jpg,否,,
10,賴瑞隆,LaiJui-Lung,男,民主進步黨,民主進步黨,高雄市第8選舉區,第10屆第1會期：經濟委員會;第10屆第2會期：經濟委員會;第10屆第2會期：紀律委員會;第10屆第2會期：修憲委員會;第10屆第3會期：經濟委員會;第10屆第3會期：修憲委員會;第10屆第4會期：經濟委員會;第10屆第5會期：經濟委員會;第10屆第6會期：經濟委員會;第10屆第6會期：紀律委員會;第10屆第7會期：經濟委員會;,2020/02/01,台灣大學國家發展研究所碩士;東吳大學政治學系,國會研究室：02-2358-6888;前鎮服務處：07-751-0005;小港服務處：07-806-1685,立法委員民進黨立法院黨團副幹事長立法院內政委員會召委、經濟委員會召委高雄市政府海洋局局長、新聞局局長、觀光局主任秘書、建設局專門委員2009年高雄世運會執行秘書行政院勞委會專員、行政院新聞局簡任秘書,國會研究室：02-2358-6280;前鎮服務處：07-721-3391;小港服務處：07-806-0737,國會研究室：100224台北市中正區濟南路1段3之1號1102室;前鎮服務處：806009高雄市前鎮區和平二路232號;小港服務處：812019高雄市小港區宏平路578號,http://www.ly.gov.tw//Images/Legislators/100105.jpg,否,,
10,謝衣鳯,HsiehYi-Fong,女,中國國民黨,中國國民黨,彰化縣第3選舉區,第10屆第1會期：經濟委員會;第10屆第2會期：經濟委員會;第10屆第2會期：修憲委員會;第10屆第3會期：經濟委員會;第10屆第3會期：修憲委員會;第10屆第4會期：經濟委員會;第10屆第5會期：經濟委員會;第10屆第5會期：紀律委員會;第10屆第6會期：經濟委員會;第10屆第6會期：程序委員會;第10屆第7會期：司法及法制委員會;第10屆第7會期：程序委員會;第10屆第7會期：經費稽核委員會;,2020/02/01,政治大學經濟學博士,國會研究室：02-2358-6031;溪州服務處：04-889-4123;溪湖服務處：04-882-2211;二林服務處：04-895-5288,中國國民黨第20屆中央委員國家政策研究基金會助理研究員彰化縣體育會副理事長財團法人謝言信謝林玉鶯文教基金會執行長,國會研究室：02-2358-6035;溪州服務處：04-889-8399;溪湖服務處：04-882-9977;二林服務處：04-895-5289,國會研究室：100224台北市中正區濟南路1段3之1號0201室;溪州服務處：524006彰化縣溪州鄉中山路三段270巷5號;溪湖服務處：514013彰化縣溪湖鎮東環路320號;二林服務處：526003彰化縣二林鎮後厝里太平路一段88巷86號,http://www.ly.gov.tw//Images/Legislators/100106.jpg,否,,
10,鍾佳濱,Chung Chia-Pin,男,民主進步黨,民主進步黨,屏東縣第1選舉區,第10屆第1會期：司法及法制委員會;第10屆第2會期：司法及法制委員會;第10屆第2會期：修憲委員會;第10屆第3會期：財政委員會;第10屆第3會期：修憲委員會;第10屆第4會期：財政委員會;第10屆第5會期：財政委員會;第10屆第6會期：財政委員會;第10屆第6會期：紀律委員會;第10屆第7會期：財政委員會;,2020/02/01,國立屏東科技大學研究所;國立臺灣大學歷史系;屏東縣國立屏東高中;屏東縣立明正國中;屏東縣立仁愛國小,國會研究室：02-2358-6626;屏東服務處：08-733-6599;屏東內埔服務處：08-778-9101,民主進步黨副秘書長立法院修憲委員會召集委員民主進步黨立法院黨團書記長立法院財政委員會召集委員立法院教育文化委員會召集委員屏東縣政府副縣長行政院文化建設委員會參事第三屆國民大會代表紙風車文教基金會顧問,國會研究室：02-2358-6630;屏東服務處：08-733-6988;屏東內埔服務處：08-779-4661,國會研究室：100224台北市中正區濟南路1段3之1號0401室;屏東服務處：900074屏東縣屏東市忠孝路138-6號;屏東內埔服務處：912015屏東縣內埔鄉東寧村北寧路10號,http://www.ly.gov.tw//Images/Legislators/100107.jpg,否,,
10,羅明才,Lo Ming-Tsai,男,中國國民黨,中國國民黨,新北市第11選舉區,第10屆第1會期：財政委員會;第10屆第2會期：財政委員會;第10屆第3會期：財政委員會;第10屆第4會期：財政委員會;第10屆第5會期：財政委員會;第10屆第5會期：紀律委員會;第10屆第6會期：財政委員會;第10屆第7會期：財政委員會;,2020/02/01,美國華盛頓城市大學企業管理碩士;致理商專(現升格科技大學)企業管理系畢,國會研究室：02-2358-6776;新店服務處：02-2915-7788,現任立法委員國民大會主席團主席國民黨中央委員立法院財政、經濟委員會召集委員立法院國民黨團副書記長臺北縣體育會理事長臺北縣彰化同鄉會理事長救國團新北市團委會指導委員,國會研究室：02-2358-6780;新店服務處：02-2911-1448,國會研究室：100224台北市中正區濟南路1段3之1號1106室;新店服務處：231022新北市新店區中正路54巷8號1樓,http://www.ly.gov.tw//Images/Legislators/100108.jpg,否,,
10,羅美玲,LohMeei-Ling,女,民主進步黨,民主進步黨,全國不分區及僑居國外國民,第10屆第1會期：內政委員會;第10屆第1會期：程序委員會;第10屆第2會期：內政委員會;第10屆第2會期：程序委員會;第10屆第3會期：內政委員會;第10屆第3會期：程序委員會;第10屆第4會期：內政委員會;第10屆第4會期：程序委員會;第10屆第5會期：內政委員會;第10屆第5會期：程序委員會;第10屆第6會期：內政委員會;第10屆第6會期：程序委員會;第10屆第7會期：內政委員會;第10屆第7會期：程序委員會;,2020/02/01,馬來西亞馬六甲培風中學畢業;國立臺灣師範大學地理學系畢業;靜宜大學EMBA經營管理碩士畢業;國立彰化師範大學財務金融技術學系博士班,國會研究室：02-2358-8558;南投服務處：049-220-8888,社團法人南投縣家庭照顧者關懷協會執行長社團法人南投縣新媳婦關懷協會理事長台灣新住民權益關懷協會理事長行政院新住民事務協調會報委員南投縣議會第18.19屆議員,國會研究室：02-2358-8555;南投服務處：049-220-4888,國會研究室：100224台北市中正區濟南路1段3之1號1008室;南投服務處：540019南投市民族路5號2樓,http://www.ly.gov.tw//Images/Legislators/100109.jpg,否,,
10,羅致政,Lo Chih-Cheng,男,民主進步黨,民主進步黨,新北市第7選舉區,第10屆第1會期：外交及國防委員會;第10屆第2會期：外交及國防委員會;第10屆第2會期：修憲委員會;第10屆第3會期：司法及法制委員會;第10屆第3會期：修憲委員會;第10屆第4會期：司法及法制委員會;第10屆第5會期：外交及國防委員會;第10屆第5會期：紀律委員會;第10屆第6會期：外交及國防委員會;第10屆第7會期：外交及國防委員會;,2020/02/01,美國加州大學洛杉磯分校政治學 碩士(1991)、博士(1995) ;國立政治大學外交學系 學士(1986),國會研究室：02-2358-6871;板橋服務處：02-2962-2366,民主進步黨發言人(2012.2-2012.4)民主進步黨新北市黨部主委 (2012.6-2016.5)民進黨國際事務部主任(2016.5-2018.11)國際自由政黨聯盟副主席(2017.6-2018.11)美國加州大學洛杉磯分校國際關係中心 研究員(1994-1995)東吳大學政治學系 副教授 (1995.7-)台灣政治學會 秘書長(1997-998)台北市政府公務人員訓練中心講座(1998-)哥斯大黎加大學政治系 訪問教授(1999.8)外交部外交人員講習所講座(2000-)公務人力發展中心講座(2001.7-)外交部研究設計委員會主任委員(2000.5-2002.1)國際合作發展基金會 董事(2002.7-2008.6)外交部 諮詢委員(2003-2004)行政院大陸委員會 諮詢委員(2004.10-2006.9)東吳大學政治學系 系主任(2006.8-2009.7)台北市政府研究發展考核委員會 委員(2007.2-2008.9)國策研究院綜合企劃部 主任(1998-2000.5)國策研究院 執行長(2002.2-2006.4)台俄協會 秘書長(2002.7-2016.02)台灣智庫 執行委員(2006.4-)台灣社秘書長(2007.7-2011.3)台灣東北亞學會 秘書長(2007.10-)新台灣國策智庫 執行長(2010.1-2012.2)新台灣國策智庫 資深研究員(2012.3-)板橋東區扶輪社社長(2017.7-2018.06),國會研究室：02-2358-6875;板橋服務處：02-2962-9390,國會研究室：100224台北市中正區濟南路1段3之1號0506室;板橋服務處：220073新北市板橋區民安街32號,http://www.ly.gov.tw//Images/Legislators/100110.jpg,否,,
10,蘇巧慧,SuChiao-Hui,女,民主進步黨,民主進步黨,新北市第5選舉區,第10屆第1會期：社會福利及衛生環境委員會;第10屆第2會期：社會福利及衛生環境委員會;第10屆第2會期：修憲委員會;第10屆第3會期：社會福利及衛生環境委員會;第10屆第3會期：修憲委員會;第10屆第4會期：社會福利及衛生環境委員會;第10屆第5會期：社會福利及衛生環境委員會;第10屆第6會期：社會福利及衛生環境委員會;第10屆第7會期：社會福利及衛生環境委員會;,2020/02/01,美國賓州大學法律碩士;美國波士頓大學法律碩士;台大法律系司法組;北一女中,國會研究室：02-2358-6191;樹林服務處：02-2684-2522;鶯歌服務處：02-2678-3368;新莊西盛服務處：02-2204-1638,第九屆立法委員超越基金會執行長美國賓州大學法律博士候選人2004年總統大選律師後援會總聯絡人、驗票律師團律師台北縣偏鄉法律諮詢服務義務律師萬國法律事務所律師律師高考及格,國會研究室：02-2358-6195;樹林服務處：02-2684-2533;鶯歌服務處：02-2678-2268;新莊西盛服務處：02-2204-9636,國會研究室：100224台北市中正區濟南路1段3之1號1007室;樹林服務處：238009新北市樹林區大安路499號;鶯歌服務處：239005新北市鶯歌區文化路175號1樓;新莊西盛服務處：242070新北市新莊區民安西路319號,http://www.ly.gov.tw//Images/Legislators/100111.jpg,否,,
10,蘇治芬,Su Chih-Fen,女,民主進步黨,民主進步黨,雲林縣第1選舉區,第10屆第1會期：經濟委員會;第10屆第2會期：經濟委員會;第10屆第3會期：經濟委員會;第10屆第4會期：經濟委員會;第10屆第5會期：經濟委員會;第10屆第6會期：經濟委員會;第10屆第7會期：經濟委員會;,2020/02/01,北港南陽國小;北港初級中學;臺北市立士林商業職業學校;雲林科技大學企業管理系碩士,國會研究室：02-2358-6876;虎尾服務處：05-633-0021;北港服務處：05-773-1041,第三屆國民大會代表行政院顧問第五屆立法委員立法院第五屆第四會期預算及決算委員會召集委員雲林縣第十五屆、十六屆縣長第九屆立法委員,國會研究室：02-2358-6880;虎尾服務處：05-632-5505;北港服務處：05-773-1042,國會研究室：100224台北市中正區濟南路1段3之1號0403室;虎尾服務處：632004雲林縣虎尾鎮公安里水源路9巷11號;北港服務處：651007雲林縣北港鎮文仁路283號,http://www.ly.gov.tw//Images/Legislators/100112.jpg,否,,
10,蘇震清,Su Chen-Ching,男,無黨籍,民主進步黨,屏東縣第2選舉區,第10屆第1會期：經濟委員會;第10屆第2會期：交通委員會;第10屆第3會期：交通委員會;第10屆第4會期：交通委員會;第10屆第5會期：經濟委員會;第10屆第6會期：經濟委員會;第10屆第7會期：經濟委員會;,2020/02/01,屏東科技大學農業企業管理系碩士;世新大學公共關係系,國會研究室：02-2358-6636;屏東服務處：08-766-6636;東港服務處：08-833-6099;潮州服務處：08-788-8350,第十屆立法委員第九屆立法委員、經濟委員會召集委員第八屆立法委員、經濟委員會召集委員第七屆立法委員、民進黨立院黨團副書記長民進黨第十四屆中央執行委員第十五、十六屆屏東縣議員陳水扁總統屏東競選總部副總幹事曹啟鴻縣長北區督導屏東縣政府秘書（蘇嘉全縣長）立委蘇嘉全辦公室主任民進黨第七屆全國黨代表國大代表蘇嘉全服務處主任,國會研究室：02-2358-6640;屏東服務處：08-766-6262;東港服務處：08-833-6088;潮州服務處：08-788-8352,國會研究室：100224台北市中正區濟南路1段3之1號0701室;屏東服務處：900074屏東縣屏東市自由路586號;東港服務處：928007屏東縣東港鎮光復路一段35號;潮州服務處：920008屏東縣潮州鎮三共里文化路135號,http://www.ly.gov.tw//Images/Legislators/100113.jpg,否,,
10,林靜儀,Ching-Yi Lin,女,民主進步黨,民主進步黨,臺中市第2選舉區,第10屆第4會期：外交及國防委員會;第10屆第5會期：外交及國防委員會;第10屆第6會期：外交及國防委員會;第10屆第7會期：外交及國防委員會;,2022/01/17,中山醫學大學醫學系學士;台大分子醫學研究所碩士;中山醫學大學醫學研究所碩士;中山醫學大學醫學研究所博士;婦產科專科醫師;周產期專科醫師,國會研究室：02-2358-8156;沙鹿台灣大道服務處：04-2662-0913;霧峰仁義路服務處：04-2330-5663;烏日服務處：04-2337-8676;龍井中央路服務處：04-2639-1163;龍井藝術南街服務處：04-2652-6166;大肚沙田路服務處：04-2699-2705;大肚遊園路服務處：04-2691-7975;烏日中華路服務處：04-2337-1011,第九、十屆立法委員無任所大使民進黨中央黨部國際部主任民進黨中央黨部婦女發展部主任中山醫大附設醫院產科主任行政院婦權會委員Liberal International人權委員會委員,國會研究室：02-2358-8165;沙鹿台灣大道服務處：02-2358-8165;霧峰仁義路服務處：02-2358-8165;烏日服務處：02-2358-8165;龍井中央路服務處：02-2358-8165;龍井藝術南街服務處：04-2652-2029;大肚沙田路服務處：04-2699-2561;大肚遊園路服務處：04-2691-3986;烏日中華路服務處：04-2337-7835,國會研究室：100224台北市中正區濟南路1段3之1號0708室;沙鹿台灣大道服務處：433015臺中市沙鹿區台灣大道七段870號;霧峰仁義路服務處：413001臺中市霧峰區仁義路60號;烏日服務處：414612臺中市烏日區中山路三段1153號;龍井中央路服務處：434008臺中市龍井區中央路三段169號;龍井藝術南街服務處：434012臺中市龍井區藝術南街7巷6號;大肚沙田路服務處：432001臺中市大肚區沙田路二段401之2號;大肚遊園路服務處：432009臺中市大肚區遊園路二段98巷7號;烏日中華路服務處：414005臺中市烏日區中華路498號,http://www.ly.gov.tw//Images/Legislators/100114.jpg,否,,
10,吳欣盈,WU HSIN-YING,女,台灣民眾黨,台灣民眾黨,全國不分區及僑居國外國民,第10屆第6會期：社會福利及衛生環境委員會;第10屆第6會期：程序委員會;第10屆第7會期：社會福利及衛生環境委員會;第10屆第7會期：經費稽核委員會;,2022/11/02,英國科陶德藝術學院文學碩士;美國衛斯理學院國際關係.美術史雙學士;英國投資管理證書(IMC);台灣人身保險業務員登錄證,國會研究室：02-2358-6698,新光人壽慈善基金會執行長新光人壽保險股份有限公司副總經理台灣工商企業聯合會理事李光耀大學新光人才培訓專案總籌備規劃負責人英國倫敦美林證券資產管理公司投資分析師英國保守黨副黨魁彼得&#183;萊利國會助理Institute For Philanthropy 董事世界經濟論壇全球青年領袖中國百名傑出女企業家,國會研究室：02-2358-6700,國會研究室：100224台北市中正區濟南路1段3之1號0908室,http://www.ly.gov.tw//Images/Legislators/100115.jpg,否,,
10,陳琬惠,Chen Wan Hui,女,台灣民眾黨,台灣民眾黨,全國不分區及僑居國外國民,第10屆第6會期：經濟委員會;第10屆第7會期：內政委員會;第10屆第7會期：程序委員會;,2022/12/28,政治大學經營管理碩士,國會研究室：02-2358-6541,社團法人台灣公益團體自律聯盟秘書長,國會研究室：02-2358-6545,國會研究室：100224台北市中正區濟南路1段3之1號1001室,http://www.ly.gov.tw//Images/Legislators/100116.jpg,否,,
10,陳靜敏,Ching-Min Chen,女,民主進步黨,民主進步黨,全國不分區及僑居國外國民,第10屆第6會期：司法及法制委員會;第10屆第7會期：教育及文化委員會;第10屆第7會期：程序委員會;,2022/12/28,美國印第安納大學社區政策與健康博士;美國印第安納大學社區健康碩士;美國伊利諾大學芝加哥分校護理學學士;國立臺北護理專科學校;耕莘高級護理助產職業學校,國會研究室：02-2358-8181,愛爾蘭皇家外科醫學院院士美國護理科學院院士國立成功大學護理學系／老年學研究所特聘教授／國際事務處國際長台灣護理學會理事長台北醫學大學老人護理暨管理學系教授暨系主任台北醫學大學附設醫院護理部副主任台北醫學大學護理學系副教授,國會研究室：02-2358-8185,國會研究室：100224台北市中正區濟南路1段3之1號0905室,http://www.ly.gov.tw//Images/Legislators/100117.jpg,否,,
10,王鴻薇,wang hung wei,女,中國國民黨,中國國民黨,臺北市第3選舉區,第10屆第7會期：司法及法制委員會;,2023/01/16,國立政治大學新聞學系;北一女中;仁愛國中;民權國小,國會研究室：02-2358-8356;中山區服務處：02-2511-2711;松山區服務處：02-2756-3646,臺北市議會第10、11、12、13、14屆議員聯合報大台北中心主任聯合報經濟組組長、召集人聯合晚報經濟組組長,國會研究室：02-2358-8050;中山區服務處：02-2511-2719;松山區服務處：02-2756-4848,國會研究室：100224台北市中正區濟南路1段3之1號0206室;中山區服務處：104024台北市中山區新生北路二段127巷8號1樓;松山區服務處：105028台北市松山區延壽街145號2樓,http://www.ly.gov.tw//Images/Legislators/100118.jpg,否,,
10,陳培瑜,CHEN PEI-YU,女,民主進步黨,民主進步黨,全國不分區及僑居國外國民,第10屆第7會期：教育及文化委員會;第10屆第7會期：程序委員會;,2023/02/06,東華大學教育研究所,國會研究室：02-2358-8221,凱風卡瑪兒童書店創辦人友善書業合作社第一屆理事親職教育講師,國會研究室：02-2358-8225,國會研究室：100224台北市中正區濟南路1段3之1號0901室,http://www.ly.gov.tw//Images/Legislators/100119.jpg,否,,
10,蔡培慧,Tsai Pei-Hui,女,民主進步黨,民主進步黨,南投縣第2選舉區,第10屆第7會期：交通委員會;,2023/03/13,頭社國小;福營國中;士林高商;致理商專;世新大學社會發展研究所碩士;臺灣大學生物產業傳播暨發展學系博士,國會研究室：02-2358-6111;南投服務處：049-224-3620,九二一震災重建基金會執行秘書臺灣農村陣線發言人暨秘書長世新大學社會發展研究所副教授第九屆不分區立法委員行政院中部聯合服務中心執行長,國會研究室：02-2358-6115;南投服務處：049-224-8457,國會研究室：100008台北市中正區青島東路10號3502室;南投服務處：540024南投縣南投市公園街100號,http://www.ly.gov.tw//Images/Legislators/100120.jpg,否,,